"영업월","역사","승하차 구분","00시 통행량","01시 통행량","02시 통행량","03시 통행량","04시 통행량","05시 통행량","06시 통행량","07시 통행량","08시 통행량","09시 통행량","10시 통행량","11시 통행량","12시 통행량","13시 통행량","14시 통행량","15시 통행량","16시 통행량","17시 통행량","18시 통행량","19시 통행량","20시 통행량","21시 통행량","22시 통행량","23시 통행량"
"2024-09","갈마역","승차","32","0","0","0","0","2019","2970","6648","10492","5653","4241","4390","4147","4350","3865","4021","5155","5352","5018","2831","2308","2242","1227","908"
"2024-09","갈마역","하차","336","0","0","0","1","518","1057","2121","3139","2740","2969","3740","4080","4170","4217","4921","5847","7383","9796","6082","4199","4311","3856","2799"
"2024-09","갑천역","승차","12","0","0","0","2","468","916","2049","4387","2024","1284","1106","1360","1378","1248","1341","1480","1883","2361","959","836","636","363","186"
"2024-09","갑천역","하차","78","0","0","0","1","153","501","1065","2214","1023","1174","1181","1316","1198","1201","1470","1658","1902","3303","1673","1277","1243","952","729"
"2024-09","구암역","승차","11","0","0","0","4","1280","1994","4883","9429","5174","5201","5115","5014","5042","4998","5528","6061","5891","6397","3568","2703","1893","1157","444"
"2024-09","구암역","하차","207","0","0","0","0","398","1660","3613","5878","5081","4768","4859","4717","4362","4622","5222","5809","6898","8547","4543","3505","3493","2326","1322"
"2024-09","노은역","승차","65","0","0","0","2","959","2407","6968","10701","6186","5399","5159","5790","5627","5427","6271","7551","8447","9224","5213","4814","4362","3811","1835"
"2024-09","노은역","하차","476","1","0","0","0","436","1090","3670","7228","6223","4837","4817","5516","6046","6773","7483","9487","10007","13856","7603","5075","4798","4403","2396"
"2024-09","대동역","승차","15","0","5","0","14","2202","3753","8911","13873","7026","5852","5251","6082","6104","5606","7145","10298","9893","9019","4261","2787","2489","1641","906"
"2024-09","대동역","하차","486","0","5","0","14","561","1215","4439","9607","5004","3817","3633","4501","4486","4849","5587","7083","7541","11109","5898","5073","5220","5060","3490"
"2024-09","대전역","승차","62","0","0","0","25","838","5043","13647","17628","16467","18393","19145","20436","19551","22471","25777","26999","27947","26734","20416","16671","16166","11826","5691"
"2024-09","대전역","하차","118","0","0","0","25","4807","12462","19817","23882","20226","20245","22817","19853","22049","21551","22584","23577","22126","22968","13229","10357","7518","4001","1434"
"2024-09","반석역","승차","2","0","0","0","0","1836","5006","18463","25338","14597","9996","9496","9541","9533","8633","9935","11393","14727","18474","8866","6631","5991","5066","2676"
"2024-09","반석역","하차","1009","1","0","0","1","1138","4173","9170","13338","6847","5356","6511","7173","8544","8598","10517","13831","18728","24126","11181","9518","10380","9465","4329"
"2024-09","서대전네거리역","승차","33","0","0","0","83","2685","4004","9700","17807","8216","7771","7979","8121","8150","7341","8496","9950","10675","12234","6295","4713","4243","2976","1828"
"2024-09","서대전네거리역","하차","413","0","0","0","26","1032","2074","5328","13324","7526","6623","7226","7512","8000","7423","8665","10966","13828","19948","9578","6658","6932","6141","3215"
"2024-09","시청역","승차","31","2","0","0","13","1156","2576","5479","9079","6509","7117","8596","9020","8943","9512","10979","14216","19230","29129","11354","11124","11424","12087","5176"
"2024-09","시청역","하차","288","2","0","0","12","1308","3429","10384","35332","15304","9910","9017","9261","10495","10192","10815","14232","15263","18747","9259","5597","5156","3955","2308"
"2024-09","신흥역","승차","0","0","0","0","10","1564","2067","5769","8071","3878","2457","2100","2524","2351","1921","1845","2125","2580","2672","1274","895","546","510","193"
"2024-09","신흥역","하차","152","0","0","0","0","233","741","1316","1968","1196","1474","1616","2028","1815","1892","2816","3572","4056","5848","3377","2278","2407","2144","1139"
"2024-09","오룡역","승차","0","0","0","0","33","2064","2937","8419","16547","6588","4757","5131","5329","5224","4808","5020","6912","7753","13635","4084","2636","2016","1508","778"
"2024-09","오룡역","하차","68","0","0","0","32","391","1400","3870","12134","5401","3569","3785","4055","4114","4199","5347","6193","7579","12280","5176","4080","4017","3521","2511"
"2024-09","용문역","승차","10","8","0","0","52","3047","4675","10334","22143","9560","8426","9126","10085","10373","10461","10043","11638","12032","11664","6614","6186","5992","3175","2776"
"2024-09","용문역","하차","11","8","0","0","35","893","2649","5031","12452","10124","8766","9427","8381","9382","9330","10600","12462","13840","22240","11832","7586","7169","5495","3274"
"2024-09","월드컵경기장역","승차","16","0","0","0","4","567","1822","5541","10021","4452","4114","3682","3373","3763","3467","4215","4731","5367","6058","2836","2087","6266","1488","334"
"2024-09","월드컵경기장역","하차","335","1","0","0","1","371","1138","3931","5258","3059","2786","2713","2804","2854","2907","3351","4801","6670","10139","4426","2857","3029","2550","1457"
"2024-09","월평역","승차","62","0","0","0","2","1887","2786","5967","11527","5571","4730","4873","5252","5368","5258","5555","6357","7073","8093","4161","3234","3114","2005","1017"
"2024-09","월평역","하차","343","0","0","0","7","373","839","2312","6771","5050","4360","4434","4962","4958","5083","5967","6651","8150","11585","6325","4958","5438","4361","3005"
"2024-09","유성온천역","승차","163","0","0","0","5","2813","6015","15561","28366","13033","11761","12271","13474","13555","13628","16034","18830","19871","20810","11855","9498","9271","6237","4012"
"2024-09","유성온천역","하차","691","0","0","0","3","1894","3760","8145","19011","14124","11811","12081","13349","12954","13639","14472","17601","22210","33143","17269","12763","13054","11680","6683"
"2024-09","정부청사역","승차","8","0","0","0","7","1052","1928","5049","8053","5753","5952","7120","7658","7617","8452","10961","13268","18784","33350","9987","7736","6402","4198","1698"
"2024-09","정부청사역","하차","421","0","0","0","2","1697","3981","12094","43930","14418","8568","7742","8139","8388","8154","8099","8841","10410","11893","6447","4673","4775","3314","1625"
"2024-09","중구청역","승차","6","0","0","0","7","595","1319","3082","5528","2719","2370","2838","2795","2871","3056","3480","5381","5483","7693","2435","1869","1922","1501","509"
"2024-09","중구청역","하차","103","0","0","0","7","422","1178","4123","10688","4072","2635","2665","2854","3481","2849","2933","3144","3783","5603","2459","1709","1833","1511","990"
"2024-09","중앙로역","승차","72","0","0","0","1","657","1278","3264","6167","3694","3982","5556","7395","9198","10646","13068","15259","17129","19610","12598","12177","11558","7219","3690"
"2024-09","중앙로역","하차","164","0","0","0","0","619","1218","3655","13865","8988","9984","13171","14510","14901","14578","14137","14194","15700","18132","9354","5153","3648","2371","1239"
"2024-09","지족역","승차","48","0","0","0","15","743","1467","3782","5293","3234","2586","2609","3046","2827","2777","3521","3675","5089","9603","2837","2114","1598","992","593"
"2024-09","지족역","하차","324","0","0","0","15","377","796","2640","12329","3509","2167","1967","2481","2260","2226","2657","3110","3848","4738","2836","2342","2374","2304","1331"
"2024-09","탄방역","승차","2","0","0","0","4","1351","2819","5807","9527","5596","5274","6184","5861","5982","6076","7097","7166","10408","15684","5235","4188","4423","4430","1090"
"2024-09","탄방역","하차","4","0","0","0","0","957","2349","6499","20957","9446","6124","5624","5644","7068","6108","6089","7320","8390","12838","6140","3929","3609","2734","1994"
"2024-09","판암역","승차","32","0","0","0","33","2861","4776","10989","14812","8490","6610","6072","7072","6538","5910","6192","6320","7269","7248","3332","2504","1564","1157","525"
"2024-09","판암역","하차","918","0","0","0","8","384","1593","3599","6436","3574","3996","4405","4577","5030","5056","6841","8466","9084","11983","6363","4880","5193","4854","2047"
"2024-09","현충원역","승차","29","0","0","0","0","434","929","2920","6331","3187","3486","3742","4558","4952","4628","5264","6807","6518","5428","2641","1750","1692","753","154"
"2024-09","현충원역","하차","137","0","0","0","0","213","899","2851","6172","6202","3399","3482","3109","3501","2303","2543","2945","3471","4650","2166","1943","1956","2093","794"
"2024-10","갈마역","승차","27","0","0","0","0","2101","3282","7392","12319","6637","5008","4840","4734","5129","4304","4589","5453","5885","5432","3410","2405","2273","1272","936"
"2024-10","갈마역","하차","437","0","0","0","1","553","1171","2163","3456","2993","3013","3738","4561","4645","4825","5834","6993","8262","11177","6525","4649","4820","4286","2831"
"2024-10","갑천역","승차","6","0","0","0","0","488","977","2137","4796","2363","1434","1210","1464","1548","1449","1529","1643","2230","2731","1087","836","736","380","225"
"2024-10","갑천역","하차","80","0","0","0","3","156","545","1185","2662","1169","1454","1352","1530","1426","1489","1665","1929","2116","3618","1936","1333","1333","1090","757"
"2024-10","구암역","승차","14","0","1","0","5","1347","2200","5269","10535","5542","5239","5796","5365","5577","5498","6001","6545","6266","7039","3889","2904","1950","1215","541"
"2024-10","구암역","하차","210","0","1","0","2","296","1750","3712","6312","5354","5193","5294","5270","5068","5219","5636","6131","7462","9602","4594","3541","3587","2599","1423"
"2024-10","노은역","승차","59","0","0","0","2","1037","2426","7661","12196","6847","5919","6177","6675","6487","6415","7129","8443","9506","10360","5765","4879","4774","4158","1876"
"2024-10","노은역","하차","452","1","0","0","2","438","1055","4151","8226","6859","5348","5496","6234","7020","7860","8556","10435","10988","15246","8356","5525","5249","4713","2531"
"2024-10","대동역","승차","27","0","0","0","25","2454","3887","9800","15560","8123","6624","6526","7488","7195","6376","7498","9992","10402","9571","4468","3036","2548","1856","1188"
"2024-10","대동역","하차","585","0","0","0","21","593","1036","4585","10035","5801","4088","4094","4988","5018","5529","6307","7696","8763","12908","6450","5272","5676","5365","3590"
"2024-10","대전역","승차","84","0","0","0","47","936","4369","13413","19515","17517","19458","20128","21549","20384","23948","27626","28610","28518","28471","21394","17082","17541","13577","6816"
"2024-10","대전역","하차","120","0","0","0","43","4568","12473","21745","27461","22591","21926","24027","20902","22868","22447","22922","25017","23758","25158","14636","10907","7761","5424","1464"
"2024-10","반석역","승차","4","0","0","0","1","2046","5691","20475","28459","16059","11404","10484","10427","10855","9552","10638","12033","15428","20102","9659","7251","6493","5539","2974"
"2024-10","반석역","하차","959","0","0","0","0","1119","4440","9520","14886","7764","5650","6975","7993","9257","9752","11870","15559","21175","26981","12427","10449","10963","10049","4448"
"2024-10","서대전네거리역","승차","28","0","0","0","57","2865","4192","10771","20041","9581","8712","9562","9578","10166","9083","10070","11055","12368","14025","7233","5214","4708","3107","1908"
"2024-10","서대전네거리역","하차","355","0","0","0","13","1122","2271","5700","15670","8940","7574","8726","8213","9486","9073","10114","12933","15204","22325","10460","7244","7154","6448","3520"
"2024-10","시청역","승차","58","4","0","0","11","1188","2764","6271","10340","7358","8031","9765","10309","10583","10849","12547","15555","21998","32649","12232","12299","12498","13276","5345"
"2024-10","시청역","하차","363","3","0","1","8","1535","3659","11615","39691","17567","11239","9968","10825","12260","12284","12528","15354","16781","20200","10026","6364","5587","4134","2616"
"2024-10","신흥역","승차","2","0","0","0","6","1647","2291","6672","9298","4230","2818","2496","2670","2761","2052","1997","2630","2826","2762","1335","987","560","523","165"
"2024-10","신흥역","하차","165","0","0","0","1","302","914","1428","2024","1344","1518","1783","2285","2060","2224","3195","3848","4499","6949","3800","2552","2782","2488","1171"
"2024-10","오룡역","승차","4","0","0","0","35","2134","3140","9566","19210","7878","5472","6006","6860","6309","5669","5327","7536","8571","14600","4698","2719","2249","1445","849"
"2024-10","오룡역","하차","77","0","0","0","33","430","1544","4445","13618","6073","4047","4443","4586","4656","4929","6019","7147","8685","13725","5758","4485","4382","4149","2657"
"2024-10","용문역","승차","16","0","0","0","44","3141","5140","11538","24415","10780","10100","10763","11823","11876","13347","11281","13617","13621","12565","6786","6416","7863","3733","3050"
"2024-10","용문역","하차","18","0","0","0","29","783","2877","5483","15026","11922","9696","11653","10035","10681","10638","11861","13542","15759","25334","13876","8295","8012","5754","3486"
"2024-10","월드컵경기장역","승차","24","0","0","0","1","759","1999","5955","11179","5123","4416","4089","3883","4447","4203","4636","7137","6081","6854","3163","2517","5840","2384","374"
"2024-10","월드컵경기장역","하차","386","0","0","0","0","413","1227","4225","5921","3650","3011","3246","4141","4600","3836","4764","6424","7220","8960","4217","3126","3343","2781","1702"
"2024-10","월평역","승차","51","0","0","0","1","1969","3187","6327","13024","6459","5336","5256","5633","6039","5703","6235","7045","7793","8735","4367","3528","3473","2340","1114"
"2024-10","월평역","하차","333","0","0","0","7","403","908","2461","7180","5286","4598","4860","5588","5617","6145","6741","7245","8803","12883","6716","5168","5503","4855","3076"
"2024-10","유성온천역","승차","146","0","0","0","18","3087","6605","17255","32395","15031","13055","13574","15394","15565","15703","18257","21069","22299","23112","12910","10771","9958","6743","4177"
"2024-10","유성온천역","하차","795","0","0","0","8","2188","4002","8753","21242","16259","13157","14249","14826","14984","16006","16235","19746","25152","37003","18122","13265","13816","12542","7235"
"2024-10","정부청사역","승차","9","0","0","0","16","1027","2074","5489","9702","6701","6637","7905","8601","9009","10140","12352","15732","21604","38314","11485","8955","7273","5094","1882"
"2024-10","정부청사역","하차","482","0","0","0","15","2003","4499","13079","50007","16768","10046","8825","9689","10392","10002","9630","10354","11786","13529","7165","4999","5086","3759","1712"
"2024-10","중구청역","승차","22","0","0","0","10","625","1382","3242","6093","3004","2724","3268","3396","3441","3557","4334","6099","6299","8135","2643","2370","1905","1213","588"
"2024-10","중구청역","하차","125","0","0","0","11","458","1309","4584","11764","4968","3227","3201","3387","4108","3349","3298","3521","4145","5828","2668","1953","1884","1629","1136"
"2024-10","중앙로역","승차","67","3","0","0","7","793","1353","3553","6947","4205","4387","6050","8284","10000","11881","13922","16150","18265","21619","13016","11775","10533","6017","3358"
"2024-10","중앙로역","하차","197","3","0","0","6","660","1546","3941","15276","9994","10514","14743","15507","15630","15014","14521","14840","16288","19310","9439","5071","3753","2550","1365"
"2024-10","지족역","승차","39","0","0","0","15","795","1561","4234","6152","3767","2957","3102","3452","3349","3102","4025","4174","5290","10945","3003","1891","1832","1022","717"
"2024-10","지족역","하차","353","0","0","0","13","321","888","2804","13446","3886","2257","2421","2704","2592","2753","3123","3700","4446","5657","3184","2588","2511","2519","1390"
"2024-10","탄방역","승차","0","0","0","0","1","1448","3046","6245","10866","6226","5714","7095","6196","6985","6875","8015","7712","12193","17128","5581","4480","5029","4669","1145"
"2024-10","탄방역","하차","7","0","0","0","0","1208","2318","6810","23862","10662","6623","6103","6514","7971","6697","6723","7729","9229","14234","6940","4151","4164","2852","2218"
"2024-10","판암역","승차","22","4","0","0","30","2741","4846","12384","16814","9382","7252","7015","7672","7321","6502","6622","7164","7880","8382","3529","2485","1770","1186","483"
"2024-10","판암역","하차","929","4","0","0","8","405","1649","3804","7223","4077","4302","4685","5368","5718","6017","7788","9462","9709","13496","6879","5207","5598","5396","2140"
"2024-10","현충원역","승차","17","0","1","0","4","429","895","3279","7209","3413","3486","3904","4739","5482","5212","5747","7891","7019","6291","3034","1933","1966","946","162"
"2024-10","현충원역","하차","114","0","0","0","5","167","1020","3105","6807","6960","3996","4015","3668","3939","2434","2717","3165","3885","4916","2289","2091","2047","2230","887"
"2024-11","갈마역","승차","27","0","0","0","1","1983","3091","7324","12581","6728","4848","4752","4773","4860","4411","4575","5508","5713","5497","3279","2442","2325","1310","933"
"2024-11","갈마역","하차","434","0","0","0","0","554","1048","2044","3692","2946","2918","3640","4598","4737","4995","5827","7146","8478","11399","6406","4656","4796","4016","2780"
"2024-11","갑천역","승차","6","0","0","0","1","406","1023","2211","4735","2227","1478","1235","1449","1611","1557","1678","1744","2369","2826","1081","920","719","348","230"
"2024-11","갑천역","하차","70","0","0","0","0","159","532","1191","2789","1201","1347","1411","1609","1532","1539","1734","2046","2180","3694","1869","1364","1316","999","707"
"2024-11","구암역","승차","9","0","0","0","2","1397","2002","5498","10657","5487","5148","5659","5629","6119","5722","6686","6757","6577","7056","4193","2971","1922","1280","571"
"2024-11","구암역","하차","198","0","0","0","1","276","1726","3634","6407","5384","5401","5508","5559","5323","5502","5861","6094","7854","9881","4643","3676","3658","2650","1495"
"2024-11","노은역","승차","102","0","0","0","0","962","2440","7431","12481","6927","5876","6242","6971","6390","6553","7503","8630","9544","10337","5779","5049","4841","4260","1918"
"2024-11","노은역","하차","542","0","0","0","0","380","963","4068","8172","7273","5186","5536","6096","7418","7975","8847","11030","11525","15749","8424","5445","5331","4562","2678"
"2024-11","대동역","승차","29","0","0","0","32","2439","3618","10192","15885","7993","6606","6142","6965","6742","6109","7853","10443","10833","10015","4347","3075","2709","1768","1119"
"2024-11","대동역","하차","532","0","0","0","27","585","1009","4594","10110","5847","4257","4074","4959","4908","5254","6249","7507","8941","12843","6437","5087","5702","5259","3746"
"2024-11","대전역","승차","97","0","0","0","2","746","3805","12220","19364","18064","18928","20561","20816","20923","24090","28193","28336","29627","28626","22065","17687","17285","12592","7016"
"2024-11","대전역","하차","145","0","1","0","1","4136","11106","21234","27670","22565","21563","24570","20726","23125","23032","23715","25889","24530","25092","14033","11323","8064","3759","1634"
"2024-11","반석역","승차","13","0","0","0","3","1898","5248","20252","28783","16200","11210","10124","10484","10946","9244","10901","12442","16058","20569","9578","7131","6624","5658","2779"
"2024-11","반석역","하차","941","1","0","0","0","1066","4433","9603","15372","7829","5652","6987","8007","9258","9586","11584","15682","21457","27774","11844","10280","10602","9567","4459"
"2024-11","서대전네거리역","승차","13","0","0","0","80","2729","4128","10723","20698","9951","8569","9327","9442","10238","9121","10359","11266","12263","14549","7040","5145","4646","3465","2122"
"2024-11","서대전네거리역","하차","349","0","0","0","23","1086","2315","5362","15825","8693","7369","8200","8596","9574","9166","10475","13072","16124","22952","10733","7503","7353","6185","3541"
"2024-11","시청역","승차","35","1","0","0","20","1052","2617","6072","10629","7387","7929","9588","10117","10638","11050","12878","15725","22793","32995","12294","12061","12187","11145","5067"
"2024-11","시청역","하차","368","2","0","0","13","1377","3418","11159","40093","18101","11240","10037","10056","11677","11833","12737","15306","17007","20837","10014","6310","5717","4061","2690"
"2024-11","신흥역","승차","4","0","0","0","6","1510","2163","6557","9333","4373","2749","2474","2793","2731","2057","2086","2584","2833","2835","1271","1017","561","563","178"
"2024-11","신흥역","하차","180","0","0","0","0","248","757","1346","2204","1317","1634","1633","2208","2000","2454","3143","4010","4468","7131","3764","2518","2710","2394","1286"
"2024-11","오룡역","승차","2","0","0","0","24","2013","2984","9302","19274","7984","5283","6263","6402","6316","5560","5781","8080","8900","15107","4772","2707","2304","1402","759"
"2024-11","오룡역","하차","48","0","0","0","22","436","1509","4141","14007","6426","4141","4370","4554","4996","5105","6391","7450","8981","13990","5894","4600","4337","3650","2508"
"2024-11","용문역","승차","1","0","0","0","22","3220","4823","11736","25020","10903","10141","11182","11477","12841","12600","11536","13111","14258","12735","7064","6436","7793","3673","2883"
"2024-11","용문역","하차","6","0","0","0","20","682","2751","5407","15546","11753","9828","11291","9916","10746","10682","12472","13833","16178","26382","13183","8075","7873","5623","3554"
"2024-11","월드컵경기장역","승차","19","0","0","0","2","686","1906","5917","11411","5230","4313","4136","3821","4362","4136","5001","7031","6355","6800","3016","2189","2218","1122","325"
"2024-11","월드컵경기장역","하차","403","0","0","0","0","358","1128","4175","6000","3486","3099","3286","3635","4393","3550","3971","5058","5885","8443","4091","3165","3486","2753","1647"
"2024-11","월평역","승차","60","0","0","0","6","1809","2982","6418","13323","6556","5161","5258","5751","5963","5659","6380","6958","7999","9213","4569","3467","3477","2403","1129"
"2024-11","월평역","하차","376","0","0","0","11","436","889","2356","7436","5375","4457","4900","5451","5584","5963","7130","7702","9352","13170","6780","5298","5634","4629","3168"
"2024-11","유성온천역","승차","157","1","0","0","7","3045","6531","16963","33179","15673","13089","13617","15540","16145","16227","18982","21626","22939","22986","12766","11467","10339","6845","4342"
"2024-11","유성온천역","하차","753","1","0","0","3","2003","3848","8402","20410","16107","13492","14621","14815","15170","16466","17371","20630","26304","39265","18256","13198","13752","11593","7053"
"2024-11","정부청사역","승차","7","0","0","0","10","945","1992","5478","9722","6838","6644","7886","8412","9046","10374","13108","16889","24510","38853","11382","9100","7379","4945","1838"
"2024-11","정부청사역","하차","478","0","0","0","6","2075","4601","13035","51145","17842","10110","9543","10414","10531","9984","9876","10473","11948","13463","7264","5046","5269","3391","1695"
"2024-11","중구청역","승차","24","0","0","0","27","610","1349","3360","6228","3117","2775","3346","3401","3515","3785","4485","5838","6178","8532","2547","2261","1927","1220","500"
"2024-11","중구청역","하차","129","0","0","0","28","428","1228","4426","12009","5403","3156","3061","3261","4117","3351","3344","3571","4370","6014","2612","2030","1937","1625","1031"
"2024-11","중앙로역","승차","74","0","0","0","16","701","1275","3483","6866","4122","4112","5869","7617","9581","11224","13323","15523","17934","21066","12151","12181","11329","6343","3799"
"2024-11","중앙로역","하차","188","0","0","0","16","707","1459","3775","15709","9981","9708","13592","14542","14329","14323","14101","15021","17037","20449","10102","5276","3580","2359","1383"
"2024-11","지족역","승차","30","1","0","0","2","837","1514","4200","6174","3800","2842","3103","3541","3372","3344","4040","4254","5812","11326","2781","1999","1831","1196","635"
"2024-11","지족역","하차","323","0","0","0","0","318","960","2857","13650","4233","2315","2267","2856","2738","2708","3112","3843","4628","5537","3116","2425","2672","2345","1509"
"2024-11","탄방역","승차","3","0","0","0","1","1302","2842","6105","11746","6101","5600","7108","6469","6878","6936","8073","8248","11875","17690","5620","4557","5009","4411","1249"
"2024-11","탄방역","하차","6","0","0","0","0","1199","2243","6070","24967","10393","6534","6046","6249","7702","6980","7026","7956","9693","15184","6715","4335","3950","2838","2146"
"2024-11","판암역","승차","14","0","0","0","61","2619","4715","12174","16861","9218","6927","6731","7547","7418","6528","6652","7222","8036","8381","3377","2414","1662","1198","513"
"2024-11","판암역","하차","880","0","0","0","21","360","1468","3585","7277","3869","4199","4479","5057","5648","6076","8036","9822","10050","13663","6567","5110","5724","4652","2108"
"2024-11","현충원역","승차","10","0","0","0","0","422","915","3331","7191","3403","3233","3694","4756","5124","4945","5871","8299","7797","6690","2826","1840","1761","845","147"
"2024-11","현충원역","하차","133","0","0","0","1","158","1031","3028","6269","7139","3727","3922","3464","4321","2630","2882","3158","3772","4837","2239","2195","2100","1969","869"
"2024-12","갈마역","승차","38","0","0","0","1","1792","2841","6609","11838","6547","5100","5125","4965","5118","4724","4745","5943","6400","5484","3099","2544","2478","1354","925"
"2024-12","갈마역","하차","408","0","0","0","0","504","877","1872","3532","2794","2956","3756","5082","4856","5336","6023","7267","8554","11121","6389","4825","5100","4175","2972"
"2024-12","갑천역","승차","8","0","0","0","3","347","798","2136","4671","2083","1570","1334","1561","1668","1614","1690","1785","2396","2545","1080","814","754","384","220"
"2024-12","갑천역","하차","73","0","0","0","5","147","538","1083","2630","1161","1325","1348","1637","1542","1516","1730","2121","2202","3516","1883","1379","1394","1078","735"
"2024-12","구암역","승차","17","0","0","0","2","1285","2024","5039","10282","5375","4964","5866","5310","6103","6415","6589","6942","6429","6910","3811","3028","2160","1481","602"
"2024-12","구암역","하차","181","0","0","0","1","295","1502","3342","5633","4555","5081","5498","5519","5428","5782","6178","6674","8119","9673","4461","3927","3736","2574","1500"
"2024-12","노은역","승차","83","0","0","0","0","974","2210","7021","11911","6592","6141","6531","7773","7359","7181","8224","9614","10616","10557","6089","5524","5245","4308","2157"
"2024-12","노은역","하차","557","0","0","0","0","393","969","3909","7808","7431","5218","5474","6417","8280","8384","8997","11638","11796","15838","8145","5958","6006","4940","2766"
"2024-12","대동역","승차","21","11","0","0","20","2368","3536","9655","14994","7801","7028","6530","7255","7040","6675","7189","10010","10194","9129","4064","2828","2340","1510","1093"
"2024-12","대동역","하차","498","11","0","0","18","584","941","3962","8351","4706","3964","4044","4513","5023","5526","6503","7590","8707","12464","6084","5438","6205","5131","3770"
"2024-12","대전역","승차","48","0","2","0","16","666","3246","10675","17977","16106","18155","19950","21163","21512","24390","28397","29234","31584","27831","20748","16701","17672","12928","7194"
"2024-12","대전역","하차","146","0","1","0","16","3324","8875","17939","25674","21806","21889","24888","21462","23679","23676","23758","25253","22871","23968","13756","11473","7798","3808","1691"
"2024-12","반석역","승차","3","0","0","0","0","1755","4960","18931","27293","15700","11594","11229","11078","11899","10873","11990","14063","17360","20778","8956","7410","7464","6023","3126"
"2024-12","반석역","하차","1014","0","0","0","0","1180","4085","9548","14518","7055","5697","7097","8272","9773","10087","12219","15906","21502","26467","11745","11059","12486","10611","4986"
"2024-12","서대전네거리역","승차","39","0","0","0","51","2488","3877","10119","19851","9170","9013","9731","9779","10607","10014","10387","11900","13044","14238","6979","5536","5036","3631","2284"
"2024-12","서대전네거리역","하차","353","0","0","0","17","1042","2002","4824","15232","8163","7795","8783","8397","9784","9574","11058","13408","16394","23145","10406","7771","8192","6430","3739"
"2024-12","시청역","승차","30","1","0","1","30","1031","2419","5525","10390","6867","7965","10119","9891","10761","11565","13365","16227","23316","32490","12644","13074","13335","10702","4627"
"2024-12","시청역","하차","345","0","0","0","23","1234","3325","10054","39322","17242","11072","10357","10444","12241","13093","13357","15533","17883","21561","9583","6345","6030","4271","2923"
"2024-12","신흥역","승차","6","0","0","0","1","1290","1949","6128","8772","4166","2939","2761","2787","2960","2423","2162","2719","3230","2968","1414","1040","621","517","162"
"2024-12","신흥역","하차","211","0","0","0","0","237","494","1110","1944","1215","1493","1861","2170","2109","2454","3246","4118","4404","6808","3670","2623","3047","2464","1395"
"2024-12","오룡역","승차","31","0","0","0","8","1782","2893","8463","18078","7421","5329","6221","7141","6677","6175","5810","8207","9197","14818","4239","2709","2177","1320","758"
"2024-12","오룡역","하차","109","0","0","0","4","400","1383","3797","13753","5703","4226","4368","4645","4980","5262","6410","7317","8940","13302","5624","4821","4554","3973","2559"
"2024-12","용문역","승차","15","0","0","0","69","2679","4339","10797","24238","10379","10815","11569","12259","14147","13678","12595","14353","14711","13139","7338","7152","7709","3893","3043"
"2024-12","용문역","하차","14","0","0","0","57","665","2626","5140","15206","12067","10356","12493","10385","11500","12016","13058","14373","16804","25736","13086","8515","8490","5967","3749"
"2024-12","월드컵경기장역","승차","19","0","0","0","2","678","1748","5619","11129","5141","4480","4138","3974","4753","4597","5066","5652","6414","6794","3063","2454","2512","1379","396"
"2024-12","월드컵경기장역","하차","437","0","0","0","0","349","1046","3789","5660","3444","3025","3150","3260","3248","3732","3989","5481","6570","9140","4277","3336","3846","3046","1770"
"2024-12","월평역","승차","48","0","0","0","19","1658","2819","5915","12389","6200","5196","5368","5919","6261","6050","6313","7161","7555","8677","4489","3583","3482","2571","1177"
"2024-12","월평역","하차","379","1","0","0","18","423","852","2257","6885","4626","4149","4784","5502","5613","6210","7173","8063","9286","12733","6641","5386","5773","4633","3148"
"2024-12","유성온천역","승차","169","0","0","0","5","2926","6083","16260","31526","14558","13864","14440","16518","17797","18009","20140","22564","23466","22884","13422","12888","12387","8023","4879"
"2024-12","유성온천역","하차","767","0","0","0","4","1917","3888","7998","19360","15564","13956","15596","16087","16167","17968","18736","22871","29539","40508","18787","13692","14191","12194","7490"
"2024-12","정부청사역","승차","6","0","0","0","12","875","1842","5124","9153","6532","6926","8130","8616","9294","10942","13484","16693","24535","37815","11282","10148","8464","5261","1974"
"2024-12","정부청사역","하차","514","0","0","0","8","2031","4393","12478","50360","16646","10128","9609","10399","10676","11238","11015","11573","13327","14503","7474","5203","5668","3592","1794"
"2024-12","중구청역","승차","13","0","0","0","24","630","1175","3157","6035","3026","2750","3390","3593","3610","4002","4452","5796","6174","8144","2585","2224","1774","1315","510"
"2024-12","중구청역","하차","132","0","0","0","28","400","1137","4329","11841","4649","3263","3419","3380","4055","3849","3492","3625","4343","5736","2576","1993","2014","1723","1109"
"2024-12","중앙로역","승차","49","0","0","0","10","656","1188","3383","7049","4229","4518","6689","7997","10772","13216","15714","18546","21086","22976","14550","14135","13324","7770","4280"
"2024-12","중앙로역","하차","180","0","0","0","8","738","1558","3982","14920","10365","10991","16086","17572","17996","18062","16981","16963","18688","21568","10655","5882","4118","2707","1537"
"2024-12","지족역","승차","28","0","0","0","5","808","1439","3936","5902","3582","3066","3253","4046","3661","3601","4217","4598","5883","10995","2663","1891","1694","1140","699"
"2024-12","지족역","하차","352","0","0","0","3","284","949","2825","13622","3933","2138","2196","2697","2654","2810","3199","3903","4780","5515","3071","2785","2895","2578","1594"
"2024-12","탄방역","승차","2","0","0","0","3","1089","2634","5490","11102","5870","5835","7075","6399","7090","7514","8428","8640","11877","17032","5753","5281","5621","4481","1213"
"2024-12","탄방역","하차","11","0","0","0","3","1123","2307","5863","24276","10121","6617","6385","6452","7996","7247","7187","8439","10595","14697","6387","4338","4353","3095","2343"
"2024-12","판암역","승차","26","0","0","0","41","2411","4186","11214","15925","9101","7478","7456","7631","7976","7239","7054","7506","8702","8312","3438","2600","1866","1230","565"
"2024-12","판암역","하차","850","0","0","0","17","340","1360","3326","6666","3380","4187","4802","5186","5738","6527","8165","9770","10195","13121","6458","5403","6161","5120","2237"
"2024-12","현충원역","승차","11","0","0","0","1","344","737","2986","6669","3353","3750","3787","4207","4929","4877","5246","6011","5798","5269","2401","1732","1452","723","137"
"2024-12","현충원역","하차","129","0","0","0","1","117","759","2176","4643","4969","3161","3410","2795","3392","2451","2607","3053","3800","4639","2179","2223","2149","1847","855"
"2025-01","갈마역","승차","42","0","0","0","1","1780","2570","5608","10344","5689","4641","4921","4765","5212","4514","4717","4992","5301","5138","3022","2324","2076","1250","974"
"2025-01","갈마역","하차","366","0","0","0","1","533","867","1285","3045","2532","2901","3644","4465","4621","4958","5634","6593","8045","10223","5902","4449","4252","4002","2677"
"2025-01","갑천역","승차","10","0","0","0","1","351","707","1927","4287","1938","1364","1305","1373","1545","1422","1551","1489","2041","2280","987","702","568","304","232"
"2025-01","갑천역","하차","87","0","0","0","4","131","392","838","2177","1054","1107","1166","1380","1364","1385","1733","1858","2024","3371","1726","1319","1253","935","670"
"2025-01","구암역","승차","13","0","0","0","0","1064","1782","4146","8933","4598","4636","5368","4920","5594","5883","5803","5807","5784","6099","3356","2403","1737","1109","493"
"2025-01","구암역","하차","188","0","0","0","0","249","1269","2622","5063","4303","4612","5131","5244","5038","5395","5465","5464","6913","8225","4098","3268","3203","2392","1317"
"2025-01","노은역","승차","89","0","0","0","1","926","1957","5576","10498","6105","5977","5895","6973","6635","6592","7348","7760","9154","9457","5820","5041","4956","4000","1841"
"2025-01","노은역","하차","558","0","0","0","0","376","926","3439","6884","6899","5350","5465","6077","7324","7708","8255","9534","10453","14481","7817","5290","4890","4689","2687"
"2025-01","대동역","승차","38","7","0","0","7","2135","3379","8292","13625","7178","5829","5465","5971","6094","5385","5312","6362","7310","7253","3320","2369","1794","1326","732"
"2025-01","대동역","하차","419","7","0","0","4","537","844","2597","5824","3144","2895","3448","3853","4233","4877","5698","6809","7784","11296","5428","4661","4971","4579","3021"
"2025-01","대전역","승차","70","9","0","0","16","614","2634","9481","16436","14691","18471","19418","21798","20066","23228","26854","27172","27263","25113","19303","15802","15609","11286","5267"
"2025-01","대전역","하차","161","9","0","0","13","2857","8114","15824","22647","19756","20536","24222","20470","23253","23078","22618","22670","20880","21812","12882","10542","7012","3283","1317"
"2025-01","반석역","승차","6","0","0","0","2","1576","4240","16119","23836","13029","10113","10055","10037","10911","9698","10270","11753","14133","18139","8457","6467","6168","5267","2858"
"2025-01","반석역","하차","912","0","0","0","0","1015","3493","8074","12499","6473","5231","6315","7312","8188","8745","9861","13294","18115","23935","10902","9065","9497","9178","4466"
"2025-01","서대전네거리역","승차","10","0","0","0","33","2266","3186","8933","17069","8228","8236","8941","8747","9544","8863","9295","9836","11189","12714","6129","4793","4168","3080","1892"
"2025-01","서대전네거리역","하차","335","0","0","0","10","893","1903","4376","12965","7406","6801","7722","8068","8780","8725","9529","11561","13774","20051","9323","6934","6645","6007","3103"
"2025-01","시청역","승차","71","1","0","0","17","1166","2361","4335","8678","6060","7317","9556","10501","10653","11044","13219","15519","21213","30764","11755","11643","11803","12628","4924"
"2025-01","시청역","하차","333","0","0","0","11","1255","3235","9788","37258","18478","10645","10085","10971","12803","12062","11588","12900","14819","18141","8588","5688","5232","3653","2405"
"2025-01","신흥역","승차","1","0","0","0","1","1302","1845","5666","8094","3828","3069","2701","2809","3258","2474","2389","2742","3045","2836","1459","1002","648","493","185"
"2025-01","신흥역","하차","160","0","0","0","0","220","438","1019","1945","1203","1494","1845","2241","2163","2427","2955","3861","4101","6784","3830","2614","2600","2409","1374"
"2025-01","오룡역","승차","8","0","0","0","21","1592","2484","6938","15483","6325","5030","5607","5809","6013","5638","5320","5913","7734","13006","3807","2459","2016","1334","770"
"2025-01","오룡역","하차","40","0","0","0","22","385","1265","2986","11834","4746","3818","3931","4111","4636","4535","5843","6070","7645","11841","5310","4151","4035","3420","2224"
"2025-01","용문역","승차","17","0","0","0","70","2378","3879","9087","22114","9507","9052","10028","11397","12166","11968","11251","12776","13828","11665","6538","6177","6573","3459","2866"
"2025-01","용문역","하차","17","0","0","0","63","567","2749","4712","12475","10473","9554","10918","9420","10224","10885","12032","12558","14525","22954","11899","7777","7382","5288","3122"
"2025-01","월드컵경기장역","승차","23","0","0","0","0","599","1501","4419","9567","4590","4013","3988","3886","4699","4174","4346","4686","5182","6058","2629","1979","1763","950","296"
"2025-01","월드컵경기장역","하차","369","0","0","0","0","347","974","2754","4875","3055","2642","2750","3060","2939","3144","3693","4585","5283","7597","3698","2805","3172","2701","1575"
"2025-01","월평역","승차","60","0","0","0","8","1546","2435","5422","11063","6002","4926","5543","5490","5962","5651","5905","6257","6641","7769","4014","3033","2760","1964","1081"
"2025-01","월평역","하차","296","0","0","0","10","346","790","2025","5809","3800","3801","4596","5045","5339","5593","6527","7172","8641","11493","5818","4764","5108","4189","2905"
"2025-01","유성온천역","승차","149","0","0","0","4","2463","5407","14306","27668","13238","12773","13465","15008","15974","15808","16857","18281","19899","19853","11462","10005","9419","6386","4074"
"2025-01","유성온천역","하차","678","0","0","0","1","1835","3535","6412","17201","13118","12137","13397","13950","13861","15764","16064","19356","24189","34696","17078","12640","12397","11054","6442"
"2025-01","정부청사역","승차","15","0","0","0","16","835","1685","4148","7692","5731","6054","7382","7368","8221","9165","11343","13804","20285","33600","10177","8294","6948","4335","1697"
"2025-01","정부청사역","하차","432","0","0","0","15","1829","3841","10609","44112","14240","8512","8162","8515","9573","9255","9128","9423","10754","12001","6335","4636","4590","3136","1442"
"2025-01","중구청역","승차","7","0","0","0","0","586","1105","2641","5180","2487","2451","2998","3275","3285","3211","3728","4115","5513","7264","2347","1871","1673","1145","502"
"2025-01","중구청역","하차","96","0","0","0","5","353","1103","3270","10408","4118","2905","3147","3221","3875","3366","3347","3017","3680","5103","2333","1812","1737","1503","968"
"2025-01","중앙로역","승차","91","0","0","2","9","750","1089","2880","6586","3953","4639","6110","7670","10457","12319","14916","17858","19162","21922","13836","13013","11859","7160","4122"
"2025-01","중앙로역","하차","198","0","0","2","8","642","1289","3391","14437","9539","11082","15750","17524","17439","16997","16405","14949","17041","19113","9770","5438","3680","2363","1319"
"2025-01","지족역","승차","44","0","0","0","14","603","1337","3239","5240","3202","2822","2919","3243","3347","3156","3405","4120","5163","9043","2703","1833","1629","1111","639"
"2025-01","지족역","하차","414","0","0","0","7","322","864","2449","11328","3185","1851","2061","2802","2592","2463","2803","3216","4032","4947","2852","2516","2460","2392","1519"
"2025-01","탄방역","승차","0","0","0","0","2","949","2454","4714","9812","5397","5458","6765","5879","6465","6822","8324","7388","10969","15151","5305","4218","4301","4142","1100"
"2025-01","탄방역","하차","5","0","0","0","4","944","2369","5692","21176","9220","6071","5442","6147","8900","6566","6667","6864","8177","11933","5688","3839","3722","2698","1939"
"2025-01","판암역","승차","21","0","0","0","27","2186","3638","9313","13953","8087","6731","6432","7515","7444","6464","6121","6318","7188","7524","3115","2432","1542","1123","438"
"2025-01","판암역","하차","802","0","0","0","2","333","1221","2727","5854","3117","3896","4521","4883","5186","5821","7403","8288","9001","11514","5827","4688","4856","4671","1933"
"2025-01","현충원역","승차","11","0","0","0","0","315","661","2676","6136","2718","3101","3046","3597","4419","3819","3682","3910","4125","4280","1659","1181","1038","409","136"
"2025-01","현충원역","하차","118","0","0","0","0","128","634","1280","3240","2794","2720","3034","2349","2161","2087","2339","2577","3106","4119","1980","1875","1825","1801","813"
"2025-02","갈마역","승차","41","0","0","0","2","1698","2614","5930","11234","5793","4723","4673","4705","5062","4420","4299","4559","5516","5151","3054","2403","2168","1188","1004"
"2025-02","갈마역","하차","417","0","0","0","0","486","867","1292","3070","2542","2807","3743","4615","4807","4692","5373","6267","7833","10713","6120","4525","4365","4023","2607"
"2025-02","갑천역","승차","7","0","0","0","1","378","674","2062","4842","1858","1309","1287","1369","1549","1447","1504","1363","2092","2352","1075","777","556","270","172"
"2025-02","갑천역","하차","88","0","0","0","4","105","370","894","2427","966","1110","1096","1459","1410","1406","1625","1716","1949","3498","1807","1342","1264","1036","651"
"2025-02","구암역","승차","15","0","0","0","0","976","1873","4499","9597","4820","4440","5022","4750","5429","5156","5189","5451","5774","6434","3353","2646","1722","1141","436"
"2025-02","구암역","하차","212","0","0","0","1","286","1262","2572","5304","3985","4166","4796","4829","4660","4989","5328","5520","6972","8805","4204","3391","3265","2369","1342"
"2025-02","노은역","승차","57","0","0","0","1","905","2053","6344","11590","5930","5587","6052","7044","6699","6690","7215","7543","9007","10096","5887","4920","4666","3764","1775"
"2025-02","노은역","하차","542","0","0","1","0","416","953","3511","7538","6714","5328","5242","5934","7227","7929","7992","9398","10668","15167","7693","5536","5068","4717","2747"
"2025-02","대동역","승차","41","10","0","0","4","2086","3272","8580","14807","6954","5590","5430","6392","5942","5348","5098","6017","6880","7442","3492","2407","1721","1316","768"
"2025-02","대동역","하차","463","10","0","0","4","531","673","2553","6018","3415","3016","3617","3991","4039","4817","5687","6817","7847","11837","5692","4799","4949","4749","3097"
"2025-02","대전역","승차","76","0","0","0","16","537","2425","9571","17006","15813","19155","20268","23069","20796","24013","26977","26156","27423","26247","19752","15660","14950","12033","5803"
"2025-02","대전역","하차","137","0","0","0","16","2853","8626","16712","23633","19905","20231","23326","19921","21677","21873","22142","23794","22724","23841","13933","11522","7530","3285","1406"
"2025-02","반석역","승차","25","0","0","0","2","1591","4391","18197","26221","13395","10564","10464","10672","11740","9831","9963","11114","13810","18478","8612","6698","6210","5312","2667"
"2025-02","반석역","하차","835","0","0","0","0","936","3607","8427","13647","6663","4961","6236","7257","8441","8633","10392","13691","19067","26459","11573","9673","9871","9319","4314"
"2025-02","서대전네거리역","승차","33","0","0","0","41","2239","3261","9746","18920","8528","8561","9187","9277","9979","9305","9638","9985","11469","13401","6547","4765","4400","2965","1815"
"2025-02","서대전네거리역","하차","309","0","0","0","8","873","1765","4489","13904","7561","7075","8319","8384","9465","8865","9822","12135","14507","21623","10204","6943","6582","6318","3133"
"2025-02","시청역","승차","18","2","1","1","14","956","2305","4809","9833","6424","7566","10120","10989","11154","11659","14999","19258","24900","34344","12452","12642","12774","13141","4952"
"2025-02","시청역","하차","328","1","0","0","11","1301","3309","10816","42027","19595","11777","10960","12490","16063","15453","12978","13639","15012","19443","9103","5844","5260","3588","2509"
"2025-02","신흥역","승차","0","0","0","0","0","1415","2028","7341","10173","4207","3109","2696","2995","3185","2536","2266","2631","2992","3111","1423","980","584","536","184"
"2025-02","신흥역","하차","189","0","0","0","0","171","437","997","1928","1172","1418","1830","2130","2038","2250","3146","4251","4548","8416","4442","2968","3133","2631","1582"
"2025-02","오룡역","승차","12","0","0","0","1","1616","2703","7484","17007","6521","5177","5996","6396","6307","5657","4988","6712","7966","14088","4157","2477","1971","1299","776"
"2025-02","오룡역","하차","63","0","0","0","1","318","1246","3581","13281","5439","3732","4108","4264","4467","4693","5885","6364","7919","13215","5662","4215","4061","3375","2350"
"2025-02","용문역","승차","14","3","0","0","21","2500","3952","9755","23313","9409","9297","10753","11566","12494","12570","11580","12761","13587","13047","7071","6440","7072","3684","3138"
"2025-02","용문역","하차","16","3","0","0","17","534","2118","4804","14197","11108","9410","11330","9857","10900","11007","12582","13007","15191","24664","12456","7775","7502","5176","3257"
"2025-02","월드컵경기장역","승차","17","0","0","0","0","567","1580","4942","10861","4760","4156","3842","3798","4588","3953","4629","6819","5283","6297","2666","1942","1730","856","287"
"2025-02","월드컵경기장역","하차","421","0","0","0","0","312","1006","2608","5469","3005","2394","2932","4014","4491","3057","3439","4591","5401","8112","3971","3089","3243","2829","1593"
"2025-02","월평역","승차","132","0","0","0","7","1478","2616","5570","11777","6112","4869","4838","5137","5516","5360","5113","5645","6484","8192","3916","3047","2853","2082","1073"
"2025-02","월평역","하차","378","0","0","0","10","309","805","2138","6111","3774","3482","4355","4896","4977","5379","6133","6711","8366","12144","5917","5003","5164","4089","2793"
"2025-02","유성온천역","승차","130","0","0","0","12","2437","5240","15076","30250","13802","12934","13442","15674","16847","15918","16762","18195","20614","21046","11986","10204","9406","5947","3887"
"2025-02","유성온천역","하차","669","0","0","0","6","1808","3393","6976","18906","13266","12267","13815","13643","14420","15875","16344","19567","24602","35969","17696","12811","12232","11166","6444"
"2025-02","정부청사역","승차","9","0","0","0","8","782","1695","4331","8604","5925","6306","7851","8101","8585","9683","12039","15092","21867","37120","11109","8673","6982","4732","1711"
"2025-02","정부청사역","하차","399","0","0","0","6","1876","3950","11776","50068","15355","9420","8515","9463","10036","9553","9508","9855","10889","12918","6490","4546","4794","3136","1509"
"2025-02","중구청역","승차","3","0","0","0","4","528","1188","2869","5769","2530","2468","2982","3461","3569","3578","4044","4658","5885","7963","2466","2053","1796","1224","517"
"2025-02","중구청역","하차","101","0","0","0","8","341","1046","3450","11421","4723","3056","3378","3538","4148","3495","3395","3088","3850","5600","2362","1784","1829","1509","989"
"2025-02","중앙로역","승차","112","0","0","0","12","628","1097","3159","6942","3901","4777","6585","8556","11228","13414","16242","17956","20708","24054","15052","14149","12164","7037","4029"
"2025-02","중앙로역","하차","176","0","0","0","9","624","1305","3659","15838","10536","12246","17514","19419","18475","18017","16457","15969","17337","19838","9975","5226","3441","2283","1350"
"2025-02","지족역","승차","29","0","0","0","40","606","1397","3359","5750","3214","2764","3080","3217","3304","3220","3401","3398","5169","9697","2653","1900","1664","1036","669"
"2025-02","지족역","하차","362","0","0","0","39","245","879","2546","12347","3444","1971","2073","2496","2376","2411","2692","3342","4250","5257","3045","2392","2496","2399","1466"
"2025-02","탄방역","승차","3","0","0","0","1","925","2407","5104","10647","5702","5200","6660","6112","6325","6944","8230","8247","12032","17277","5679","4296","4384","4384","1133"
"2025-02","탄방역","하차","3","0","0","0","0","911","2310","6276","23468","9557","6234","5504","5987","8882","6866","6626","6504","8521","12878","6233","3987","3801","2867","2000"
"2025-02","판암역","승차","13","0","0","0","51","2187","3612","9832","15305","8145","6684","6572","7244","7287","6093","5951","5922","6902","7625","2966","2200","1587","1071","465"
"2025-02","판암역","하차","812","0","0","0","18","317","1214","2947","6140","3015","3672","4256","4629","5230","5734","7056","7954","8648","12436","6043","4833","5042","4697","1944"
"2025-02","현충원역","승차","7","0","0","0","1","310","749","2693","6252","2965","3234","3077","3515","4323","3728","3376","3843","4226","4258","1800","1235","1122","513","136"
"2025-02","현충원역","하차","95","1","0","0","0","116","743","1471","3734","2703","2383","2696","2132","2133","2017","2262","2751","3240","4369","2136","1899","1737","1739","808"
"2025-03","갈마역","승차","14","0","0","0","0","1890","2915","6908","11971","6836","5164","5170","4875","5210","4558","4795","5334","5749","5567","3242","2479","2349","1293","970"
"2025-03","갈마역","하차","419","0","0","0","0","564","1028","1882","3745","2885","2941","3707","4842","4793","4974","5587","7027","8534","11371","6690","4882","4831","4051","2964"
"2025-03","갑천역","승차","11","0","0","0","0","421","887","2341","5126","2152","1462","1458","1528","1735","1585","1632","1551","2327","2531","1203","885","700","308","179"
"2025-03","갑천역","하차","75","0","0","0","0","153","514","1111","2516","1249","1301","1388","1666","1549","1567","1776","2041","2257","3730","2085","1474","1494","1107","761"
"2025-03","구암역","승차","8","0","0","0","1","1082","2021","5373","10001","5348","4820","5549","5451","5978","5906","6534","6864","6750","7220","4264","3001","2050","1255","465"
"2025-03","구암역","하차","220","0","0","0","2","297","1549","3755","6003","5071","4944","5645","5622","5333","5443","5634","6203","7575","9288","4616","3535","3631","2648","1451"
"2025-03","노은역","승차","70","0","0","0","1","969","2332","7802","12352","6746","5923","6344","6932","6512","6163","7651","8628","9318","10893","6251","5484","5472","4108","1951"
"2025-03","노은역","하차","555","0","1","0","0","380","996","4677","8341","6754","5359","5542","5732","7182","7965","8590","10845","11589","16287","8839","5712","5425","4749","2679"
"2025-03","대동역","승차","39","5","0","1","7","2283","3490","9992","15474","7956","6372","6100","7442","6883","6517","8645","11616","10594","10811","4816","3093","3486","1930","1070"
"2025-03","대동역","하차","497","5","0","1","6","586","853","5462","11194","5636","4593","4194","5453","5048","5515","6730","7976","9019","12981","6613","5714","5889","5447","3710"
"2025-03","대전역","승차","74","0","0","0","33","618","2952","12138","18415","18256","19743","20988","22094","21594","24052","27982","30037","30268","28699","21721","17969","17622","13266","6551"
"2025-03","대전역","하차","148","0","0","0","34","3283","9774","18912","25875","21995","21599","24826","21005","23178","23458","24049","25461","23550","24325","14504","12780","8832","3787","1523"
"2025-03","반석역","승차","10","0","0","0","7","1746","5275","20972","29207","16434","11154","10728","10651","10768","9284","10432","12504","15311","19314","9392","7082","6857","5580","2832"
"2025-03","반석역","하차","902","0","1","0","6","943","4153","9583","14138","7056","5789","6826","8251","9031","9703","12347","15758","21375","27089","12424","10213","11126","9673","4462"
"2025-03","서대전네거리역","승차","33","0","0","0","57","2657","3892","11737","20820","9429","9097","10093","9905","10051","9243","10317","11570","12591","14293","7466","5594","4632","3428","2144"
"2025-03","서대전네거리역","하차","399","1","0","0","36","1000","2003","5676","15223","9312","7345","8610","9050","10169","9292","10756","13486","15525","23231","11102","7783","7659","6562","3458"
"2025-03","시청역","승차","38","2","4","0","18","992","2513","5658","10238","7373","7841","9899","10513","10850","11182","13111","15717","21624","33636","13268","13669","12699","13416","5816"
"2025-03","시청역","하차","320","2","0","0","19","1418","3605","12132","40597","17673","10823","10323","10732","12170","12191","12786","15760","17294","22117","10705","6656","5894","4054","2667"
"2025-03","신흥역","승차","3","0","0","0","0","1650","2459","9123","12233","5412","3607","3134","3341","3219","2692","2361","2903","3197","3328","1617","1146","698","530","201"
"2025-03","신흥역","하차","193","0","0","0","0","215","559","1193","1948","1317","1598","1965","2471","2494","2761","3901","5111","5848","9542","5193","3486","3861","3297","1767"
"2025-03","오룡역","승차","3","0","0","0","9","1987","3040","8869","18681","7519","5643","6183","6440","6286","5988","5710","7659","8802","15579","4796","2940","2436","1566","895"
"2025-03","오룡역","하차","49","0","0","0","0","469","1440","4163","13624","6387","4320","4216","4392","4866","4853","6243","7344","8962","13833","6085","4741","4599","3919","2772"
"2025-03","용문역","승차","10","0","0","0","47","2954","5065","12232","25447","11516","10302","11371","12435","14140","13011","12881","14226","14582","13592","7807","7226","7872","4171","3231"
"2025-03","용문역","하차","10","0","0","0","41","597","2094","5684","15120","12775","10569","12109","10652","11208","11482","13214","14479","17254","26829","14649","9277","8945","6220","3850"
"2025-03","월드컵경기장역","승차","10","0","0","0","5","584","1948","5978","10803","5075","4367","4158","3864","4539","3967","4719","6173","5513","8051","3120","2140","1988","1003","328"
"2025-03","월드컵경기장역","하차","461","0","0","0","0","344","1311","3845","5471","3280","2845","3048","3496","3839","3499","4635","5317","5723","8329","4205","3289","3465","2937","1636"
"2025-03","월평역","승차","56","0","0","0","11","1610","2966","6484","12530","6786","5309","5425","5787","6094","6093","6372","6980","7644","9279","4667","3525","3218","2501","1241"
"2025-03","월평역","하차","387","0","0","0","5","354","762","2662","7511","5727","4632","4870","5765","5708","5889","6987","7478","9227","12491","6493","5706","6011","4898","3294"
"2025-03","유성온천역","승차","151","0","0","0","8","2839","5881","17124","30797","14884","13503","14207","16298","17187","17469","19098","22355","23462","24248","13479","11659","10819","6840","4640"
"2025-03","유성온천역","하차","759","0","0","0","6","2155","3640","8666","21842","17091","14009","14906","15304","16189","16998","17058","21451","25993","37545","19267","14003","14040","12125","7306"
"2025-03","정부청사역","승차","7","0","0","0","9","967","1842","5343","8930","6538","6775","8078","8405","9016","10527","13416","15927","22871","37768","12228","9793","7782","4714","1725"
"2025-03","정부청사역","하차","517","0","0","0","3","1964","4357","12995","51752","16672","10404","9220","10241","10603","10336","9968","10762","11954","13346","7231","4998","4982","3398","1744"
"2025-03","중구청역","승차","2","0","0","0","9","589","1361","3639","6360","2963","2766","3289","3646","3509","3644","4645","5944","6773","8646","2682","2287","1948","1518","545"
"2025-03","중구청역","하차","106","0","0","0","9","471","1158","4624","11759","5233","3435","3661","3825","4208","3692","3706","3675","4345","6243","2666","2001","2165","1655","1185"
"2025-03","중앙로역","승차","111","0","0","0","5","777","1212","3922","7352","4322","4805","6521","8520","10776","12349","15384","18320","20317","24007","14664","14660","13046","7463","3904"
"2025-03","중앙로역","하차","193","0","0","0","3","756","1581","4485","16176","11296","11787","15951","17472","17449","16784","16154","16238","18033","20340","10683","5690","3999","2495","1321"
"2025-03","지족역","승차","34","0","0","0","5","717","1675","4158","5793","3695","2879","3153","3406","3365","3395","4283","4638","5551","9914","2823","2048","1900","1081","635"
"2025-03","지족역","하차","395","0","0","0","4","314","957","3042","12390","3625","2405","2254","2808","2714","2553","3127","3920","4738","5619","3382","2620","2711","2540","1595"
"2025-03","탄방역","승차","2","0","0","0","1","1057","2732","6183","11174","6412","5818","7293","6419","6712","7281","8485","8137","11908","17262","5659","4526","5088","4586","1067"
"2025-03","탄방역","하차","5","0","0","0","0","1041","2542","6922","24452","10485","6940","6144","6149","7784","6824","7102","8017","9656","14935","7029","4452","4210","3102","2231"
"2025-03","판암역","승차","6","0","0","0","33","2445","4456","11807","16812","9653","7174","6850","7830","7284","6513","6629","7299","8004","8192","3435","2501","1809","1216","514"
"2025-03","판암역","하차","843","0","0","0","14","350","1381","3711","6969","3530","4177","4627","4994","5714","6070","8077","9510","10008","13272","7028","5455","5937","5108","2042"
"2025-03","현충원역","승차","13","0","0","0","0","337","888","3203","6434","3393","3455","3801","4771","5175","4844","5572","7120","7316","6021","2749","2087","1993","974","245"
"2025-03","현충원역","하차","105","0","0","0","2","140","878","3039","7112","6987","3473","3773","3535","4118","2307","2684","3128","4025","4861","2285","2151","2097","2031","842"
"2025-04","갈마역","승차","43","0","0","0","3","1896","3277","7563","13200","6646","5038","4809","4603","4930","4339","4848","5044","5648","5482","3218","2504","2298","1333","862"
"2025-04","갈마역","하차","426","0","0","0","2","653","1088","2221","4062","3079","3068","3698","4672","4772","4917","5667","6772","8417","11408","6740","4862","4788","4351","2687"
"2025-04","갑천역","승차","12","0","0","0","0","439","1026","2612","5565","2158","1401","1341","1500","1624","1496","1647","1651","2331","2650","1155","990","728","366","217"
"2025-04","갑천역","하차","88","0","0","0","0","246","642","1163","2817","1378","1424","1322","1744","1610","1593","1806","2104","2303","4053","2114","1451","1457","1139","774"
"2025-04","구암역","승차","9","0","0","0","5","1143","2263","5849","10821","5339","5090","5287","5338","5799","5496","6219","6562","6722","7264","4059","2984","1977","1227","421"
"2025-04","구암역","하차","221","0","0","0","5","321","1707","4105","6743","5214","5257","5519","5213","5185","5077","5584","6082","7307","9761","4510","3373","3630","2455","1496"
"2025-04","노은역","승차","79","0","0","0","0","1062","2703","8273","13180","6953","6005","6177","6621","6401","6032","7462","8415","9175","10510","6041","5402","5113","4097","1859"
"2025-04","노은역","하차","491","0","0","0","0","430","1099","5099","8894","7052","5318","5117","5922","7355","7648","8583","10049","11331","16462","8443","5504","5171","4751","2592"
"2025-04","대동역","승차","49","0","0","0","0","2431","3682","10854","16419","8288","6349","6200","7325","7039","6372","8415","11506","10555","10564","4790","3162","3662","1974","1219"
"2025-04","대동역","하차","531","0","0","0","0","561","957","6191","11800","6088","4731","4341","5395","5259","5455","6763","7787","8826","13074","6474","5387","5980","5239","3532"
"2025-04","대전역","승차","49","0","0","0","45","619","3620","12899","18568","16960","18513","18899","20386","19915","22910","25764","28227","28950","28758","21007","16720","15874","12625","6187"
"2025-04","대전역","하차","123","0","0","0","45","3846","11152","21027","27797","21730","21128","22788","19871","21633","21886","22730","24370","22522","23886","13409","10879","8116","3828","1563"
"2025-04","반석역","승차","19","0","0","0","2","1939","5660","22701","31320","16286","11082","9681","9669","10698","8994","10296","12093","15070","20462","9598","7132","6789","5630","2930"
"2025-04","반석역","하차","896","0","0","0","0","1003","4386","10257","15309","7450","5802","6834","8357","9396","9300","11770","15343","21528","28922","12172","10424","10645","9989","4155"
"2025-04","서대전네거리역","승차","36","0","0","0","55","2932","4362","12959","22158","10241","9126","9818","9998","10071","9104","10118","11392","12854","14696","7394","5711","4592","3405","2016"
"2025-04","서대전네거리역","하차","369","0","0","0","42","1022","2256","6409","16895","9451","7740","8469","8636","10157","9338","10644","13144","15673","23778","11147","7795","7341","6695","3470"
"2025-04","시청역","승차","26","3","1","0","19","1028","2721","6306","11031","7622","8123","9420","10144","10682","10920","13473","16138","22568","35560","13100","13309","12375","12654","5535"
"2025-04","시청역","하차","319","2","0","0","17","1537","4025","13678","44092","18647","10980","10072","10698","12396","12127","12691","15115","16860","21114","10101","6670","5810","4141","2664"
"2025-04","신흥역","승차","4","0","0","0","1","1757","2676","10051","13008","5834","3313","3055","3240","3211","2442","2132","2708","3247","3213","1676","1079","724","551","213"
"2025-04","신흥역","하차","203","0","0","0","0","229","693","1308","2163","1406","1605","2001","2624","2532","2692","3991","5266","5831","9995","5277","3606","3828","3223","1721"
"2025-04","오룡역","승차","17","0","0","0","12","2063","3274","9914","20464","7852","5608","6069","6987","6498","5651","5856","7740","8254","15698","4849","3004","2462","1590","845"
"2025-04","오룡역","하차","91","0","0","0","5","564","1642","4626","14862","6603","4036","4075","4367","4844","4760","6522","7240","8973","14802","6269","4793","4470","3915","2643"
"2025-04","용문역","승차","5","0","0","0","60","3241","5821","14321","28675","11967","10499","11576","12578","13234","12600","12340","13515","13973","13349","7682","7296","7471","4174","3265"
"2025-04","용문역","하차","7","0","0","0","48","617","2448","6229","16246","12361","10302","11375","10242","10976","11101","12901","14418","17165","28679","15151","9666","9243","6875","4251"
"2025-04","월드컵경기장역","승차","10","0","0","0","0","651","2173","6486","11886","5277","4186","4012","4161","4453","3810","4669","5179","5465","9185","3920","2312","2135","962","399"
"2025-04","월드컵경기장역","하차","512","0","0","0","0","335","1353","4266","6086","3350","2880","3004","3277","3450","3690","5679","5466","5949","9086","4211","3298","3348","2958","1763"
"2025-04","월평역","승차","57","0","0","0","11","1820","3297","7043","13290","6908","5336","5035","5368","5972","5807","6490","7041","7611","9452","4576","3749","3390","2468","1230"
"2025-04","월평역","하차","412","0","0","0","6","366","822","2973","7965","5679","4680","4897","5576","5672","6015","6683","7269","8777","13168","6428","5470","5761","4856","3210"
"2025-04","유성온천역","승차","150","2","0","0","10","2756","6534","18164","33015","14837","12962","12992","15665","16011","16115","18034","21142","22794","23819","13031","11116","10309","6795","4356"
"2025-04","유성온천역","하차","768","0","0","0","18","2111","3755","9271","22781","17225","13501","14330","14151","15446","15802","16192","19327","24954","37856","18706","13465","12991","12524","6901"
"2025-04","정부청사역","승차","6","0","0","0","18","1047","2111","5739","9460","6744","6858","7949","8315","8782","10352","13747","16683","23340","42227","11534","9151","7203","4627","1781"
"2025-04","정부청사역","하차","448","0","0","0","14","2076","4786","14478","56594","17618","10521","9084","10132","10640","9734","9677","10062","11444","13115","7115","5011","4991","3546","1666"
"2025-04","중구청역","승차","9","1","0","0","15","652","1463","3835","7055","3173","2804","3373","3704","3545","3781","4457","6243","6785","8826","2706","2464","2293","1780","575"
"2025-04","중구청역","하차","124","3","0","0","15","469","1301","5074","12858","5600","3305","3321","3714","4362","3485","3640","3692","4836","7135","2903","1995","2217","1655","1103"
"2025-04","중앙로역","승차","104","0","0","0","5","755","1415","4119","7454","4109","4408","5848","8279","10414","11195","12966","15223","18069","21572","12942","12976","14025","8945","3809"
"2025-04","중앙로역","하차","183","0","0","0","5","683","1610","4550","17180","10569","10718","13858","14899","14784","14140","14225","14961","17447","20713","9885","5456","3737","2404","1316"
"2025-04","지족역","승차","26","0","0","0","27","747","1765","4389","6141","3666","2777","3097","3234","3341","3220","4289","4548","5612","10206","2925","2236","1832","1105","619"
"2025-04","지족역","하차","344","0","0","0","17","296","909","3362","13090","3792","2451","2290","2839","2535","2568","3021","3769","4523","5680","3204","2522","2635","2449","1378"
"2025-04","탄방역","승차","0","0","0","0","1","1201","3040","6603","11913","6448","6011","6922","6374","6390","6838","8315","8133","12236","18572","5693","4282","5211","4567","1135"
"2025-04","탄방역","하차","4","0","0","0","0","1101","2612","7316","26561","10695","6806","5620","6005","7633","6525","6654","7854","9920","14780","7328","4501","4176","3156","2292"
"2025-04","판암역","승차","10","0","0","0","19","2576","4948","12864","18007","9541","7055","6460","7673","7084","6318","6701","7342","8119","8521","3580","2723","1916","1094","548"
"2025-04","판암역","하차","760","0","0","0","3","290","1626","4207","7859","3830","4602","4818","5334","5761","5982","7872","9201","10050","13944","6958","5449","5772","5101","2111"
"2025-04","현충원역","승차","9","0","0","0","0","355","976","3554","7112","3264","3497","4034","4851","5294","5154","6276","8106","7582","6897","3024","2312","1913","1025","218"
"2025-04","현충원역","하차","121","0","0","0","0","141","992","3474","7380","7264","4139","4087","3813","4490","2513","2704","3259","3934","5097","2270","2090","1970","2080","901"
"2025-05","갈마역","승차","53","0","0","0","1","2045","3221","7181","12010","6635","5114","4765","4794","5078","4600","4890","5309","6200","5535","3409","2790","2415","1490","988"
"2025-05","갈마역","하차","447","0","0","0","0","672","1109","2096","3649","3003","3261","3844","4725","4961","5179","5785","6774","8191","10961","6606","4952","5002","4322","3072"
"2025-05","갑천역","승차","25","0","0","0","0","504","936","2452","5018","2032","1547","1443","1509","1644","1626","1668","1609","2216","2371","1137","866","767","401","270"
"2025-05","갑천역","하차","117","0","0","0","1","254","650","1093","2450","1306","1339","1322","1656","1464","1514","1773","1877","2280","3807","1922","1457","1421","1121","833"
"2025-05","구암역","승차","14","0","0","0","3","1199","2163","5558","10250","5326","5383","5720","5555","5816","5818","6168","6720","6859","7027","4193","3060","2124","1279","526"
"2025-05","구암역","하차","239","0","0","0","2","368","1714","3836","6305","5251","5175","5505","5399","5277","5429","5852","6263","7428","9212","4779","3657","3849","2652","1560"
"2025-05","노은역","승차","87","0","0","0","1","1069","2527","7656","12052","6836","6220","6587","6727","6546","6551","7854","8571","9662","10405","6248","5503","5166","4035","1846"
"2025-05","노은역","하차","558","0","0","0","0","479","1184","4676","8325","6354","5299","5663","5956","7128","8195","8771","10473","11190","15560","8809","6091","5507","5033","2812"
"2025-05","대동역","승차","33","0","0","0","19","2458","3684","10179","15251","8057","6745","6341","7412","6996","6678","8383","11246","10043","9740","4574","3471","3532","2142","1327"
"2025-05","대동역","하차","538","0","0","0","12","577","1074","5877","10337","5682","4694","4487","5265","5207","5632","6815","7904","8594","12864","6649","5669","5765","5430","4031"
"2025-05","대전역","승차","106","0","0","0","52","573","4392","13131","18499","18279","21110","21372","22333","21664","24861","28758","29536","29855","29139","22288","17987","17715","13686","7374"
"2025-05","대전역","하차","164","0","0","0","51","4413","11922","21154","27233","23121","22531","24996","21160","23072","23269","24295","25264","24338","25244","14949","12561","9385","4814","1796"
"2025-05","반석역","승차","12","0","0","0","6","1969","5679","20622","28747","15467","11425","10797","10781","11099","9874","10783","12744","15206","19373","9499","6995","6957","5367","2977"
"2025-05","반석역","하차","1047","1","0","0","6","1049","4364","9250","13956","7228","6014","6831","8189","9225","9622","11594","15250","20898","26985","12079","11054","11750","10256","4923"
"2025-05","서대전네거리역","승차","36","0","0","0","46","3007","4048","11986","20516","9965","9332","9854","10208","10098","9322","10257","11082","12979","14041","7509","5679","4847","3418","2281"
"2025-05","서대전네거리역","하차","437","0","0","0","35","1020","2333","6169","15638","9153","7651","8456","8995","9768","9503","10390","13141","15558","22591","10917","7844","8096","6797","3548"
"2025-05","시청역","승차","37","2","4","1","16","1180","2752","5878","10330","7275","8164","9961","10667","11061","11593","13226","16067","21908","32540","13280","13433","12657","12899","5781"
"2025-05","시청역","하차","393","2","0","1","16","1433","4037","12801","39628","17971","11355","10408","10614","11862","12294","12895","15379","17190","21112","10449","6977","6305","4416","2834"
"2025-05","신흥역","승차","7","0","0","0","0","1744","2659","9276","11991","5698","3613","3155","3442","3357","2723","2364","2940","3436","3264","1711","1234","756","566","220"
"2025-05","신흥역","하차","213","0","0","0","0","215","758","1375","2102","1384","1772","2132","2514","2600","2767","3910","5117","5810","9125","5173","3646","3915","3239","1776"
"2025-05","오룡역","승차","22","0","0","0","6","2195","3041","9380","18448","7750","5936","6394","6670","6263","5991","6089","7796","8855","14651","5079","2983","2466","1630","966"
"2025-05","오룡역","하차","125","0","0","0","3","542","1628","4391","14103","6597","4311","4397","4578","5151","4868","6236","7210","8689","13241","6049","4962","4671","4101","2814"
"2025-05","용문역","승차","4","0","0","0","36","3383","5544","13748","26319","12089","11276","11763","12359","13793","13328","12884","13698","15074","13918","7982","7479","7567","4384","3339"
"2025-05","용문역","하차","5","0","0","0","33","784","2341","6117","14905","11975","10414","12013","10775","11845","11964","13673","14936","17755","27236","14947","10038","10053","7312","4691"
"2025-05","월드컵경기장역","승차","20","0","0","0","2","718","2310","5675","11221","5202","4501","4139","4057","4465","4067","4809","5412","5458","8070","3620","2472","6513","1402","444"
"2025-05","월드컵경기장역","하차","518","0","0","0","0","368","1436","4054","5426","3277","2845","3022","3307","3347","3752","5346","5777","7180","11524","4559","3411","3505","2974","1693"
"2025-05","월평역","승차","65","0","0","0","3","1971","3291","6785","12228","7044","5461","5603","5996","6194","6065","6647","7277","7987","9091","4782","3696","3487","2254","1232"
"2025-05","월평역","하차","487","0","0","0","2","443","841","2832","7402","5780","4692","4978","5609","5671","6135","6795","7343","9107","12387","6804","5656","6279","5183","3627"
"2025-05","유성온천역","승차","161","0","0","0","8","3070","6675","17442","30195","15105","13696","14633","16581","17328","17785","19558","22239","23763","24327","13661","12253","11702","7354","4796"
"2025-05","유성온천역","하차","976","0","0","0","9","2185","3655","9008","20945","16683","14071","15306","15467","16223","17365","18094","21151","26052","37666","19309","14576","14630","12826","7910"
"2025-05","정부청사역","승차","20","0","0","0","15","1046","2194","5268","8712","6808","7038","8432","8658","9296","10622","13702","16959","22458","38628","11436","9202","7751","4991","2098"
"2025-05","정부청사역","하차","511","0","0","0","8","2063","4447","13924","50746","16708","10679","9820","10987","10845","10468","10547","10891","12129","13406","7531","5274","5566","3656","1875"
"2025-05","중구청역","승차","14","0","0","0","18","634","1402","3622","6498","3147","2818","3544","3662","3586","3882","4442","6104","6927","8466","2682","2248","2175","1615","616"
"2025-05","중구청역","하차","120","1","0","0","18","400","1344","4656","11604","5442","3513","3429","4015","4521","3706","3842","3869","4628","6383","2799","2054","2080","1769","1130"
"2025-05","중앙로역","승차","79","0","0","0","12","783","1332","3644","7459","4764","5268","7034","9480","12017","14172","16858","19474","23202","25305","17176","16187","16313","9307","4617"
"2025-05","중앙로역","하차","207","0","0","0","6","668","1726","4810","16679","11789","13010","17453","19387","19440","19250","18282","18352","20828","22158","11778","6618","4282","2786","1524"
"2025-05","지족역","승차","22","0","0","0","11","835","1823","4191","5993","3477","2866","3119","3401","3538","3399","4107","4570","5768","9742","2802","2075","1722","1076","697"
"2025-05","지족역","하차","414","0","0","0","7","314","977","3180","11855","3660","2323","2345","2794","2594","2702","3036","3781","4546","5582","3396","2712","2807","2641","1710"
"2025-05","탄방역","승차","5","0","0","0","3","1323","3030","6054","10891","6414","5968","6967","6480","6997","7364","8465","8322","12304","17915","6150","4630","5036","4754","1208"
"2025-05","탄방역","하차","5","0","0","0","0","1108","2572","7020","24571","11224","6877","6075","6499","7784","7074","7336","8503","10127","14001","6860","4565","4284","3067","2493"
"2025-05","판암역","승차","19","0","0","0","20","2710","4859","12143","16670","9465","7306","6822","7700","7253","6627","6606","7384","8218","8078","3577","2788","1949","1222","585"
"2025-05","판암역","하차","925","0","0","0","2","355","1655","3923","7097","3883","4494","4715","5129","5828","6116","7664","9366","10037","13327","6698","5589","6124","5344","2208"
"2025-05","현충원역","승차","12","0","0","0","1","402","1188","3440","6594","3481","3788","4412","5618","5718","5479","5832","7629","7593","6508","2858","2435","1951","1117","327"
"2025-05","현충원역","하차","151","0","0","0","1","183","1041","3182","6776","6790","4254","4508","3818","4265","2696","2871","3187","4139","5156","2409","2223","2241","2252","1015"
"2025-06","갈마역","승차","32","1","0","0","1","1950","3171","6773","11476","6041","4834","4750","4384","4940","4123","4418","5144","5595","5304","3296","2502","2372","1364","986"
"2025-06","갈마역","하차","417","0","0","0","0","595","973","2184","3778","2942","3347","3812","4310","4456","4705","5172","6386","7770","10410","5922","4671","4779","4150","2829"
"2025-06","갑천역","승차","28","0","0","0","0","545","940","2433","4560","2040","1505","1248","1456","1527","1398","1441","1436","2038","2208","1140","927","669","332","241"
"2025-06","갑천역","하차","96","0","0","0","0","196","596","1041","2286","1113","1300","1281","1435","1237","1338","1603","1737","2150","3773","1965","1426","1495","1110","740"
"2025-06","구암역","승차","19","0","0","0","3","1168","2094","4938","9537","4933","4974","5195","4817","4907","4991","5469","6019","6265","6519","3726","3100","2110","1276","522"
"2025-06","구암역","하차","202","0","0","0","0","358","1911","3884","6053","4977","4677","4904","4680","4701","4704","5193","5690","6651","8424","4220","3356","3537","2444","1353"
"2025-06","노은역","승차","70","0","0","0","0","994","2512","7210","11367","6355","5836","5975","6259","5988","5687","7085","8131","8819","9752","5517","5235","4970","4175","1701"
"2025-06","노은역","하차","541","0","0","0","0","543","1163","4457","8245","6277","4967","5276","5311","6655","7331","8179","9733","10391","14634","7881","5443","5141","4564","2589"
"2025-06","대동역","승차","42","0","0","0","13","2321","3769","9892","14778","7574","6354","6076","6584","6539","6208","6969","9904","8779","8726","4074","3329","3132","1773","1111"
"2025-06","대동역","하차","514","0","0","0","5","557","1170","5611","9015","4610","4024","4024","4872","5003","5144","6440","7509","8063","11798","6013","5205","5506","5249","3713"
"2025-06","대전역","승차","82","0","1","0","15","575","4727","12688","18361","17501","20012","20412","22387","20462","22893","26337","27737","28274","28372","21146","17041","16957","13539","6543"
"2025-06","대전역","하차","146","1","1","0","13","4565","11714","20107","25700","21796","21197","23735","20074","21794","21766","23362","24304","23343","24008","14021","11840","8287","3986","1612"
"2025-06","반석역","승차","23","0","0","0","1","1906","5747","19547","26458","14486","10618","9773","9387","9759","9094","9782","11520","14187","18365","9043","6745","6492","5401","2860"
"2025-06","반석역","하차","965","0","0","0","1","1097","4311","8878","13462","7225","5910","6611","7611","8648","8984","11044","13723","18954","25176","10701","9960","10664","9975","4369"
"2025-06","서대전네거리역","승차","51","0","0","0","54","2992","3931","11510","19540","9121","8734","9172","9233","9041","8380","9359","10337","11949","13038","6794","5515","4661","3354","2048"
"2025-06","서대전네거리역","하차","398","0","0","0","42","997","2347","5967","14681","8573","7223","7954","8190","9174","8805","9793","12261","14264","21286","10102","7521","7311","6249","3264"
"2025-06","시청역","승차","14","3","3","0","11","1175","2679","5635","9906","6888","7675","9478","9912","10484","10665","12458","15141","20616","30598","12746","13199","12212","12328","5577"
"2025-06","시청역","하차","299","1","0","0","10","1321","3609","12594","38158","16998","10994","9880","10099","11727","11579","11881","14577","16120","19917","9597","6489","5638","4269","2603"
"2025-06","신흥역","승차","4","0","0","0","2","1752","2468","9043","11351","4966","3270","2887","3266","3144","2441","2187","2805","3051","3120","1616","1041","829","565","200"
"2025-06","신흥역","하차","204","0","0","0","1","245","715","1274","2158","1348","1653","2122","2446","2379","2574","3638","4797","5319","8821","4649","3409","3733","2946","1622"
"2025-06","오룡역","승차","67","0","0","0","7","2288","3108","9060","17579","6917","5553","5709","5952","5635","5155","5398","8014","8051","14064","4593","2985","2382","1629","892"
"2025-06","오룡역","하차","118","0","0","0","4","491","1573","4099","13317","5826","4018","4087","4362","4779","4566","5542","6559","8245","12369","5706","4569","4444","3849","2638"
"2025-06","용문역","승차","9","0","0","0","31","3461","5579","13457","25460","10936","11087","10992","11845","13310","12437","12006","12950","14056","12943","7573","7291","7122","3859","3148"
"2025-06","용문역","하차","10","0","0","0","26","739","2426","6026","14731","11553","9647","11568","10408","10971","10916","12657","13963","16321","25974","13858","9396","9219","7046","4370"
"2025-06","월드컵경기장역","승차","18","0","0","0","0","681","2149","5481","10817","5070","4220","4205","4227","4685","3911","4554","4669","5163","5904","2881","2049","3030","1307","457"
"2025-06","월드컵경기장역","하차","489","0","0","0","0","355","1306","3800","5373","3570","3300","3139","3153","3058","3145","3550","4584","5523","8950","4505","3089","3243","2989","1746"
"2025-06","월평역","승차","57","0","0","0","7","1871","3080","6353","11747","6433","5031","5048","5413","5712","5453","5773","6481","7017","8335","4249","3449","3335","2299","1242"
"2025-06","월평역","하차","416","0","0","0","4","463","920","2579","7000","4927","4435","4837","5322","5201","5553","6276","6932","8174","11803","6487","5576","5829","4894","3213"
"2025-06","유성온천역","승차","146","0","0","0","17","2984","6161","16487","29093","14456","12622","13274","14657","15249","14829","16904","19479","21016","21740","12175","10767","9946","6509","4217"
"2025-06","유성온천역","하차","824","0","0","0","10","2140","3726","8855","20020","14873","12761","13509","13412","14036","14931","15789","19444","23589","34176","16889","13620","13362","12446","7079"
"2025-06","정부청사역","승차","9","0","0","0","4","1004","2043","4756","8403","6369","6631","7643","7971","8368","9501","12383","15244","21038","36616","10746","8703","6952","4658","1885"
"2025-06","정부청사역","하차","449","0","0","0","1","2005","4357","13218","48581","16259","9721","8840","9582","9674","9267","9169","9737","10740","12070","6548","4750","5168","3680","1711"
"2025-06","중구청역","승차","5","4","0","0","12","652","1385","3371","6190","3006","2648","3021","3339","3247","3515","4040","5981","6795","7915","2616","2242","2065","1525","505"
"2025-06","중구청역","하차","90","6","0","0","12","427","1446","4593","11023","4765","3135","3279","3592","4118","3417","3520","3671","4284","5922","2761","2073","2005","1599","1044"
"2025-06","중앙로역","승차","102","0","0","0","8","766","1350","3581","6829","4302","4779","6314","8516","11270","12789","15099","17327","19795","21771","14100","14043","15434","8297","3836"
"2025-06","중앙로역","하차","246","0","0","0","7","720","1514","4272","15750","11145","12282","15817","17475","17335","16884","16024","15581","18002","19793","10183","5694","3839","2401","1360"
"2025-06","지족역","승차","26","0","0","0","9","766","1662","3851","5641","3450","2742","2881","2943","3174","3058","3981","4369","5332","9491","2711","1961","1670","939","606"
"2025-06","지족역","하차","389","0","0","0","5","328","935","3017","11801","3707","2276","2285","2782","2509","2568","2857","3366","4146","5197","3024","2424","2540","2472","1529"
"2025-06","탄방역","승차","2","0","0","0","2","1423","2791","5728","10208","6253","5673","6881","6160","6342","6831","8108","7711","11865","16958","5595","4442","5215","4879","1150"
"2025-06","탄방역","하차","5","0","0","0","0","1102","2571","7066","24543","10364","6508","5902","6189","7313","6552","6501","7668","9457","13002","6796","4423","4205","3115","2228"
"2025-06","판암역","승차","16","0","0","0","30","2752","4664","11390","15917","9130","6650","6456","7067","6692","5837","6307","6956","7465","7760","3283","2698","1861","1123","566"
"2025-06","판암역","하차","778","0","0","0","8","365","1786","3720","6704","3713","4363","4751","4912","5361","5688","7062","8602","9323","12152","6266","5361","5673","4982","2100"
"2025-06","현충원역","승차","26","0","0","0","2","426","1133","3344","6436","3245","3531","3926","4390","4840","5300","5710","5741","5878","5445","2583","2098","1696","747","152"
"2025-06","현충원역","하차","146","0","0","0","0","240","1138","2552","5245","4836","4067","3920","3307","3419","2420","2717","2956","3547","4775","2172","2013","2056","2045","883"
"2025-07","갈마역","승차","34","0","0","0","7","2216","3185","7479","12990","6178","4767","4518","4441","4721","4202","4418","4848","5696","5731","3424","2571","2470","1347","962"
"2025-07","갈마역","하차","421","0","0","0","1","607","1194","2382","3978","3277","3213","3574","4307","4592","4840","4991","6011","7998","11429","6054","4630","4652","4482","2971"
"2025-07","갑천역","승차","20","0","0","0","0","594","931","2793","5340","2032","1462","1203","1333","1460","1264","1393","1292","2188","2232","1044","815","678","279","183"
"2025-07","갑천역","하차","100","0","0","0","0","207","518","1102","2591","1084","1100","1124","1370","1273","1354","1517","1616","2112","4045","1893","1415","1470","1109","665"
"2025-07","구암역","승차","10","0","0","0","1","1289","2245","5591","10771","4992","4749","4566","4678","4657","4641","5170","5735","5899","6454","3789","2914","2010","1295","527"
"2025-07","구암역","하차","238","0","0","0","0","469","1872","3801","6235","4657","4299","4633","4395","4213","4373","5026","5464","6911","9313","4376","3328","3456","2466","1368"
"2025-07","노은역","승차","46","0","0","0","0","1181","2716","8057","12471","6378","5961","6165","6449","6101","6328","7461","8285","9454","10931","6001","5404","5374","4327","1801"
"2025-07","노은역","하차","510","0","0","0","0","567","1349","4809","9744","6788","5248","5326","5978","7186","7559","8043","9322","10897","15945","8460","6045","5436","5030","2712"
"2025-07","대동역","승차","25","0","0","0","14","2502","4431","11144","16612","8083","6596","6117","6809","5886","5416","5869","8616","8949","8318","3678","2813","2580","1498","873"
"2025-07","대동역","하차","496","0","0","0","0","657","1251","5521","8412","4020","3194","3779","4389","4569","4792","6188","7149","8589","13110","6200","5146","5708","5438","3501"
"2025-07","대전역","승차","97","0","0","1","16","662","5616","13803","18832","17564","19703","21376","23218","20896","23559","26035","27071","28309","30021","20743","16436","15921","12935","6297"
"2025-07","대전역","하차","172","0","0","1","22","4957","12359","21727","27768","22162","21277","23387","19610","20665","20664","22604","24904","23429","25305","14315","11383","8434","4909","1697"
"2025-07","반석역","승차","11","0","0","0","17","2107","6000","21710","28492","14290","10034","9371","9664","10239","9175","10569","12049","15375","20321","8900","6780","6805","5432","3011"
"2025-07","반석역","하차","994","0","0","0","17","1154","4611","9914","15019","7410","5922","6511","7540","8813","8856","10200","13388","19381","27615","11454","10143","11130","10594","4847"
"2025-07","서대전네거리역","승차","49","0","0","0","68","3161","4242","12777","21521","9078","8468","8928","8934","8637","8018","8947","9936","12065","13985","6400","5171","4378","3445","2162"
"2025-07","서대전네거리역","하차","358","0","0","0","56","1126","2280","6551","15673","8515","6993","7700","8063","8920","8350","9036","11632","14374","22694","10341","7309","7174","6359","3262"
"2025-07","시청역","승차","12","7","1","0","10","1355","2809","6020","10468","7144","8065","9890","10428","10560","10707","13152","16492","23422","36136","13055","13854","12674","13601","5214"
"2025-07","시청역","하차","357","6","2","0","9","1631","4195","14544","46220","19381","11405","10257","10686","13036","11891","11545","13428","16227","20269","9255","6364","5835","4437","2734"
"2025-07","신흥역","승차","1","0","0","0","0","1975","2825","9941","12286","5123","3260","2866","2970","3018","2488","2320","2685","3278","3330","1665","1090","824","638","226"
"2025-07","신흥역","하차","217","0","0","0","0","287","846","1460","2328","1455","1642","2239","2564","2445","2419","3264","4519","5649","9980","5058","3544","3623","3202","1675"
"2025-07","오룡역","승차","26","0","0","0","22","2504","3305","10219","18825","6825","5407","5770","6227","6006","5329","5012","7198","8569","15217","4473","2851","2183","1512","926"
"2025-07","오룡역","하차","91","0","0","0","6","499","1766","4585","15482","6245","3978","4109","4287","4613","4324","5379","6168","8428","13894","5764","4533","4359","3867","2663"
"2025-07","용문역","승차","1","2","0","1","37","3762","6090","14572","28107","11126","10356","10683","11566","13403","12479","11850","13109","14625","13523","7991","7399","7482","4063","3049"
"2025-07","용문역","하차","0","0","0","0","24","736","2458","6409","15573","11867","10279","11961","10492","10987","10861","12318","13386","17120","29068","14536","9357","9492","7354","4350"
"2025-07","월드컵경기장역","승차","9","0","0","0","0","766","2315","5990","12349","5106","4149","3927","4055","4245","3874","4254","4727","5550","6633","2875","2070","3318","890","327"
"2025-07","월드컵경기장역","하차","502","0","0","0","0","379","1341","3751","6177","3450","2899","2879","2924","2955","3040","3377","4745","5962","9819","4224","3326","3709","3062","1813"
"2025-07","월평역","승차","55","0","0","0","6","2038","3276","6856","12795","6526","5242","4999","5166","5363","5287","5529","6084","7487","8533","4230","3387","3519","2156","1114"
"2025-07","월평역","하차","344","0","0","0","4","498","973","2918","7458","4722","4339","4552","5047","5179","5523","5910","6835","8410","12710","6566","5467","5933","4770","3254"
"2025-07","유성온천역","승차","145","1","7","2","16","3059","6632","17883","32354","14739","12726","12719","15007","14705","13923","15713","17841","20494","22323","12242","10608","10566","6805","4205"
"2025-07","유성온천역","하차","943","1","1","0","9","2217","3727","9779","20602","14446","11898","13082","13123","13340","14705","15359","18826","23990","37586","17781","13230","13799","12752","7345"
"2025-07","정부청사역","승차","11","0","0","0","2","1036","2248","5154","8877","6412","6616","7530","7788","8003","8772","11235","15014","22656","41721","10878","8493","7270","4784","2017"
"2025-07","정부청사역","하차","469","0","0","0","0","2278","5146","15409","55615","16104","9200","8356","9326","9124","8581","8540","9212","10667","13168","6644","4911","5216","3854","1765"
"2025-07","중구청역","승차","11","0","0","0","15","777","1421","3717","7063","3139","2744","3176","3702","3516","3635","4187","5457","6924","8566","2551","2276","2169","1708","562"
"2025-07","중구청역","하차","114","0","0","0","15","399","1534","5103","12415","5004","3084","3340","3432","4091","3305","3409","3629","4389","6798","2767","2053","2028","1590","1007"
"2025-07","중앙로역","승차","88","0","0","0","1","799","1563","4050","8030","4736","5147","6880","9044","12419","13946","16315","19185","22450","24657","15936","16026","16975","12196","5044"
"2025-07","중앙로역","하차","217","0","0","0","2","786","1702","4758","17792","12514","13859","18697","20260","19550","19386","17750","17735","19979","22334","11122","6005","4017","2603","1411"
"2025-07","지족역","승차","67","0","0","0","16","818","1685","4458","5959","3310","2650","2746","3151","3152","3109","3750","4054","5659","10959","2691","2039","1761","1044","547"
"2025-07","지족역","하차","426","0","0","0","10","388","1099","3417","13318","3776","2119","2110","2567","2396","2289","2694","3225","4124","5664","3224","2435","2683","2757","1643"
"2025-07","탄방역","승차","2","0","0","0","2","1369","2953","6468","11292","6170","5548","7156","6074","6089","6726","8324","8148","12942","19662","6037","4536","5547","5521","1274"
"2025-07","탄방역","하차","6","0","0","0","0","1158","2763","8443","28382","11661","6599","5740","6133","8117","6352","6153","7400","9470","14487","6557","4333","4052","3244","2282"
"2025-07","판암역","승차","10","0","0","0","41","3029","4848","12578","17075","9210","6801","6355","6988","7035","5964","6121","6639","7592","8222","3359","2706","1852","1165","579"
"2025-07","판암역","하차","696","0","0","0","12","392","1905","3985","7229","3728","4559","5087","5138","5233","5720","6771","8582","9639","13646","6634","5288","5801","5256","1994"
"2025-07","현충원역","승차","14","0","0","0","0","425","1181","3473","7065","3460","3149","3308","3609","4072","3686","3727","4273","4681","5453","2180","1709","1398","777","145"
"2025-07","현충원역","하차","144","0","0","0","0","290","1303","2056","4267","3031","2670","2681","2340","2163","2055","2307","2739","3474","5023","2110","2001","1999","2025","1008"
"2025-08","갈마역","승차","64","10","0","0","11","1896","3052","6773","11366","6201","4917","4744","4769","4937","4781","4871","5581","6339","6044","3690","2873","2517","1400","880"
"2025-08","갈마역","하차","1362","308","0","0","0","584","1091","2066","3745","3111","3179","3727","4393","4690","4765","5276","6259","7955","10983","6407","4819","5257","4921","3640"
"2025-08","갑천역","승차","25","0","0","0","1","582","858","2542","4750","2185","1540","1334","1484","1537","1416","1428","1519","2194","2170","1307","909","724","330","177"
"2025-08","갑천역","하차","262","63","0","0","1","272","591","1130","2217","1037","1228","1235","1460","1365","1352","1542","1730","2028","3743","1916","1502","1545","1266","802"
"2025-08","구암역","승차","31","3","0","0","8","1181","1908","4890","9286","4970","4924","5232","4768","4938","4861","5337","5808","5859","6555","4148","2973","2002","1220","530"
"2025-08","구암역","하차","673","165","0","0","7","463","1741","3419","5852","4712","4464","4861","4376","4323","4472","5082","5628","7049","8639","4659","3640","3739","2649","1651"
"2025-08","노은역","승차","129","16","0","0","1","1153","2452","7002","11072","6263","5862","6108","6413","6275","6232","7642","8408","9391","10349","6107","5265","5361","4005","1700"
"2025-08","노은역","하차","971","195","0","0","0","511","1307","4320","8618","6565","5256","5404","5662","6684","7479","7809","9373","10242","15035","7926","5591","5354","5292","2836"
"2025-08","대동역","승차","78","3","0","0","13","2283","4259","9770","15369","8020","6976","6517","6967","6618","5778","6916","9300","9319","9054","4646","3309","2954","1669","912"
"2025-08","대동역","하차","1677","151","1","0","10","579","1254","4803","7246","3471","3461","4169","4371","4923","5144","6421","7597","8727","12748","6790","6362","6374","6778","4262"
"2025-08","대전역","승차","2570","64","0","0","25","751","5893","13714","18300","18271","21709","23734","26269","23379","27382","30094","31498","31876","32490","25038","21324","21743","17378","10125"
"2025-08","대전역","하차","311","69","0","0","33","4966","12926","22153","27506","23517","23937","26682","22184","24344","24294","25826","28006","27568","29619","18253","14959","10400","5305","1946"
"2025-08","반석역","승차","195","13","6","0","8","2097","5445","18967","24997","13376","10338","9822","9612","10136","9737","10471","12420","15282","19304","8717","6831","6288","5092","2851"
"2025-08","반석역","하차","1899","669","6","0","8","1033","4321","8726","13686","6856","5788","6508","7214","8172","8713","9771","13204","17864","25032","11774","9935","10859","10143","5486"
"2025-08","서대전네거리역","승차","254","25","0","0","78","2981","4342","11360","19373","9479","9345","9917","9699","10120","9576","9832","11383","13653","14807","8204","6370","5146","3673","2456"
"2025-08","서대전네거리역","하차","1658","212","0","0","39","1009","2198","5963","14209","8628","7528","8509","8425","9817","9475","10671","13117","16635","23421","11870","9462","8962","8205","4428"
"2025-08","시청역","승차","234","22","5","3","29","1269","2736","5570","9732","7020","8236","10277","11038","11322","11327","13625","17271","23747","32970","13832","14023","12132","13930","5524"
"2025-08","시청역","하차","1896","301","4","3","26","1550","4039","12364","38480","18184","11510","10271","11168","12456","12051","12236","15301","15982","20047","10056","7628","6735","5619","3619"
"2025-08","신흥역","승차","32","1","0","0","0","1894","2705","8677","11748","5047","3534","3250","3300","3477","2947","2785","3078","4030","3893","2374","1507","1014","659","215"
"2025-08","신흥역","하차","882","82","0","0","1","266","855","1384","2255","1478","1663","2068","2547","2390","2596","3457","4827","5794","9722","5095","4111","4407","4004","2076"
"2025-08","오룡역","승차","122","10","0","0","18","2425","3357","9181","16917","6652","5854","6673","6316","6265","5571","5835","7934","9311","15567","5188","3164","2398","1622","843"
"2025-08","오룡역","하차","819","86","0","0","8","438","1692","4407","13653","6100","4016","4307","4533","4751","4691","5929","6617","8660","13613","6062","5129","4802","4855","3141"
"2025-08","용문역","승차","198","27","0","0","48","3551","5920","13294","24756","10974","11307","11610","12657","13990","13672","12962","14367","15911","14306","9098","7936","7419","4212","2838"
"2025-08","용문역","하차","1746","288","0","0","39","819","2557","6034","15091","11804","9858","12089","10449","11102","11588","12905","14241","17531","26944","14747","9943","10382","8465","5702"
"2025-08","월드컵경기장역","승차","19","3","0","0","0","744","2266","5226","10637","5022","4354","3849","3545","4227","3908","4441","4926","5393","6280","2985","2198","3314","975","337"
"2025-08","월드컵경기장역","하차","805","131","0","0","0","369","1211","3356","5115","3238","2797","2859","2907","2863","3098","3430","4681","5768","9104","3967","3170","3647","3398","1869"
"2025-08","월평역","승차","108","8","0","0","9","2020","3036","6460","11339","6273","5218","5407","5332","5475","5434","5537","6245","7325","8295","4455","3608","3346","2486","1139"
"2025-08","월평역","하차","1158","226","0","0","6","463","908","2626","6192","4254","4256","4543","4814","5101","5358","6047","6725","8624","11758","7061","5596","6025","5232","3726"
"2025-08","유성온천역","승차","437","36","4","0","13","2762","6149","16026","29075","14324","12791","13823","14932","15351","15024","16820","19129","21683","22210","13441","11238","10087","6141","4132"
"2025-08","유성온천역","하차","3591","727","1","2","14","2091","3405","8753","18248","13685","11569","13363","12854","12804","14395","15604","18620","24373","35389","17467","14554","14753","14831","8695"
"2025-08","정부청사역","승차","122","6","0","0","21","999","2077","4714","8547","6093","6669","7569","7729","8164","9097","11621","15228","22294","39483","11101","8682","6888","4506","1875"
"2025-08","정부청사역","하차","1395","199","0","0","15","2081","4654","13706","47599","14514","9012","8322","9463","9452","9150","9132","9738","11107","12706","6865","5616","5886","4656","2417"
"2025-08","중구청역","승차","879","18","0","0","42","804","1490","3799","6399","3108","2942","3502","3953","4023","4087","4944","6410","7231","8826","3461","3216","3202","2680","979"
"2025-08","중구청역","하차","228","47","0","0","42","416","1582","4310","10688","4986","3402","3969","4389","5283","5146","5135","5484","6417","8137","4187","2864","2488","1977","1140"
"2025-08","중앙로역","승차","11953","69","0","0","8","747","1236","3299","6734","4755","5827","8324","10720","14833","17059","21078","24732","28093","31449","23451","24796","27357","22731","15719"
"2025-08","중앙로역","하차","396","66","0","0","5","799","1713","5104","18017","13969","16805","22776","25318","25277","25946","25212","25759","30955","31601","20962","13421","9328","4696","1953"
"2025-08","지족역","승차","87","31","0","0","1","810","1613","3812","5228","3286","2714","2875","3045","3077","3150","3626","4008","5243","9954","2849","1917","1706","942","500"
"2025-08","지족역","하차","649","182","0","0","0","389","936","2881","11679","3477","1919","2088","2349","2515","2376","2574","3211","3935","4931","3099","2513","2671","2724","1849"
"2025-08","탄방역","승차","71","8","0","0","0","1482","2872","6330","10654","6203","5837","6962","6178","6621","7112","8326","8775","13169","18356","6310","4987","5344","5184","1292"
"2025-08","탄방역","하차","1270","166","0","0","0","952","2693","7389","24515","10652","6714","6110","6697","8362","6580","6416","7686","9710","13764","6908","4902","4944","4135","3055"
"2025-08","판암역","승차","67","11","0","0","36","2770","4669","11014","15938","8825","7112","6815","7742","7447","6643","6776","7266","8376","8544","3971","3246","2122","1222","530"
"2025-08","판암역","하차","1888","171","0","0","23","396","1875","3696","6204","3786","4403","5121","5192","5465","5941","7296","9061","10146","12900","7073","5962","6474","5940","3039"
"2025-08","현충원역","승차","26","2","0","0","0","452","1034","3192","6545","3499","3410","3504","3709","4316","3990","4053","4315","4601","5517","2347","1831","1466","739","169"
"2025-08","현충원역","하차","409","154","0","0","0","278","1014","2001","3737","2689","2764","2764","2347","2020","2056","2370","2803","3474","4772","2387","2167","2513","2330","1191"
