sttn_id,sttn_nm
2930134,덕명네거리
2930141,유성자이아파트
2931651,구암역
4300054,반석역
4300064,반석역
6800533,유성온천역7번출구
6800535,충남대학교
6800813,구즉동주민센터입구
6800818,서한이다음2단지
6800849,신동2통
6800850,대동금탄동입구
6800852,금고1통
6800855,구즉동주민센터입구
6800856,협진운수
6800858,금고동
6800859,대동금탄동입구
6800944,반석역
6800945,반석역
6801309,반석역
6801317,반석역
6801331,안산1통
6801332,유성온천역5번출구
6801336,월드컵경기장역
6801337,안산교
6801338,온천교
6801339,유성고속버스터미널
6801340,안산교
6801342,지족초등학교
6801349,노은도서관
6801350,유성온천역6번출구
6801351,유성자이아파트
6801358,KT유성지사
6801359,충남대학교
6801360,KT유성지사
6801366,노은농수산물시장
6801370,온천교
6801374,월드컵경기장역
6801378,유성고속터미널
6801379,봉명동우체국
6801380,유성온천역7번출구
6801381,죽동네거리
6801382,안산1통
6801384,안산산성
6801385,노은역
6801386,노은농수산물시장
6801387,지족초등학교
6801388,지족역
6801389,송림마을아파트
6801390,국방과학연구소입구
6801391,국방과학연구소입구
6801397,노은역
6801398,외삼1통
6801399,반석마을입구
6801400,반석마을입구
6801406,노은도서관
6801408,반석네거리
6801409,지족역
6801413,금고1통
6801414,금고2통
6801418,송강마을아파트
6801423,휴먼시아아파트
6801424,송강마을아파트
6803858,대광로제비앙아파트
6803859,대광로제비앙아파트
6803919,충남대학교
6804095,한진오피스텔
6805540,한진오피스텔
6806503,신동
6806504,신동
6806542,현대아울렛남문
6806543,용산고등학교
6806544,용산고등학교
6806547,씨에이치씨랩
6806548,씨에이치씨랩
6806549,서한이다음1단지
6806550,우미린아파트
6806551,롯데마트대덕점
6806552,롯데마트대덕점
6806553,테크노밸리12단지
6806554,테크노밸리12단지
6806555,테크노밸리6단지
6806556,테크노밸리6단지
6806557,대덕고등학교
6806558,대덕고등학교
6806559,국립중앙과학관입구
6806563,신세계백화점
6806564,현대아울렛북문
6806565,서한이다음2단지
6806566,서한이다음2단지
6806595,테크노밸리2단지
6806596,테크노밸리2단지
6806781,둔곡교차로
6806782,둔곡교차로
6806949,반석역
6806950,반석역
6806951,유성선병원
6806952,유성선병원
6806953,대전월드컵경기장
6806954,대전월드컵경기장
6806955,반석네거리
6806956,반석네거리
8001068,감골
8001070,갑동
8001071,갑동
8001092,계산동
8001093,계산동
8001102,공동관리아파트
8001103,공동관리아파트
8001104,대전광역시인재개발원
8001105,대전광역시인재개발원
8001113,카이스트
8001114,원자력안전기술원
8001136,교도소
8001137,교도소입구
8001138,교도소입구
8001140,교촌3통
8001141,교촌3통
8001146,구룡
8001147,구룡
8001148,구룡2통
8001149,구룡2통
8001150,서한이다음2단지
8001151,서한이다음2단지
8001158,신선마을아파트
8001160,구성삼거리
8001162,구암8통
8001163,구암8통
8001166,구암동
8001167,구암동
8001168,유성복합터미널
8001169,유성복합터미널
8001170,구억들
8001171,구억들
8001178,송강마을아파트
8001179,휴먼시아아파트
8001182,국립중앙과학관
8001183,국립중앙과학관
8001184,국립대전현충원
8001185,국립대전현충원
8001186,국방과학연구소입구
8001188,국방과학연구소입구
8001189,군수사령부
8001190,군수사령부
8001191,군인아파트
8001192,궁동
8001193,궁동
8001194,장대네거리
8001195,장대네거리
8001196,궁동교
8001200,그린아파트
8001206,반석네거리
8001207,금강유역환경청
8001210,금고2통
8001211,금고2통
8001212,금고동
8001219,정보통신공사협회
8001223,금탄동종점
8001268,노은농수산물시장
8001269,노은농수산물시장
8001270,노은농수산시장
8001271,노은농수산시장
8001272,노은역
8001273,노은역
8001282,장대네거리
8001283,북부여성가족원
8001284,북부여성가족원
8001285,대광로제비앙아파트
8001286,대광로제비앙아파트
8001293,한국연구재단
8001296,다솔아파트
8001299,KT&G연구소
8001303,테크노밸리2단지
8001304,테크노밸리2단지
8001305,테크노밸리5단지
8001306,테크노밸리4단지
8001311,대덕고등학교
8001312,대덕고등학교
8001318,대덕대학교
8001319,대덕대학교
8001320,북대전IC네거리
8001321,북대전IC네거리
8001324,대덕중학교
8001325,대덕중학교
8001326,대덕터널입구
8001329,연구단지네거리
8001330,SK뷰아파트
8001331,삼성푸른아파트
8001332,선비마을
8001333,대동
8001334,대동
8001335,대동2통
8001336,대동1통
8001337,대동1통
8001338,대동
8001339,대동
8001340,대동금탄동입구
8001342,대동보건소
8001431,대전지방기상청
8001432,대전지방기상청
8001438,대정2통
8001439,대정동
8001440,대정동
8001512,돌마루
8001513,돌마루
8001555,관평중학교
8001556,관평중학교
8001557,계룡과선교
8001558,계룡과선교
8001559,계룡과선교
8001561,둔곡동
8001562,둔곡동
8001564,둔곡3교
8001577,한샘근린공원
8001578,한샘근린공원
8001579,드리움아파트
8001580,드리움아파트
8001584,롯데마트서대전점
8001585,롯데마트대덕점
8001586,롯데마트대덕점
8001590,봉명동우체국
8001596,만년교
8001644,옥녀봉네거리
8001650,한빛탑
8001656,문지네거리
8001657,문지네거리
8001658,문지네거리
8001675,반석2통
8001676,반석2통
8001677,반석역3번출구
8001680,반석역
8001681,반석역
8001686,방동1통
8001687,방동1통
8001688,방동1통
8001689,방동1통
8001690,방동3통
8001691,방동4통
8001692,방동4통
8001693,방동5통
8001694,방동5통
8001695,방동길
8001696,방동길
8001697,방동대교
8001698,방동새운네
8001699,방동새운네
8001700,방동저수지
8001701,방동저수지
8001702,방동저수지
8001703,유성구보훈회관
8001704,유성구보훈회관
8001705,방현동
8001706,방현동
8001727,삼양사중앙연구소
8001742,보건환경연구원
8001756,복용2통
8001757,복용2통
8001758,복용동
8001759,복용동
8001764,복지관
8001770,성북1통마을회관
8001771,성북1통마을회관
8001772,유성온천역2번출구
8001773,유성온천역3번출구
8001774,봉명동
8001775,봉명동
8001777,온천1동주민센터
8001778,협진운수
8001780,협진운수
8001782,송강마을아파트
8001783,봉산동기점
8001793,송강전통시장
8001794,송강전통시장
8001795,KT북대전지사
8001819,사봉
8001866,삼박골
8001867,삼박골
8001877,삼성화재연수원
8001878,삼성화재연수원
8001892,삿갓집
8001893,삿갓집
8001914,샘물타운아파트
8001915,샘물타운아파트
8001916,샘물타운아파트
8001944,서대전IC
8001946,서대전IC
8001997,성덕중학교
8002002,성북1통
8002006,성북2통동구나무
8002007,성북2통동구나무
8002008,성북2통마을회관앞
8002009,성북2통마을회관앞
8002013,성북3통굿개말길
8002014,성북3통마을회관
8002015,성북3통마을회관
8002017,성북동산림욕장
8002020,세동2통
8002021,세동2통
8002022,세동종점
8002025,세종아파트
8002026,세종아파트
8002047,원촌동솔로몬로파크
8002048,송강전통시장
8002049,송강전통시장
8002050,송강초등학교
8002052,송림마을2단지
8002053,송림마을3단지
8002054,송림마을4단지
8002056,송림마을1단지
8002058,송정1통
8002059,송정2통
8002060,송정2통
8002062,송정소징이
8002070,수운교입구
8002071,LH연구원
8002072,LH연구원
8002073,k-water인재개발원
8002074,LH연구원
8002077,수통골기점지
8002083,시민천문대
8002084,시민천문대
8002103,자운초등학교
8002104,온마음병원
8002105,온마음병원
8002109,하나아파트
8002110,신성동주민센터
8002111,신성동주민센터
8002141,하우스토리/신협연수원
8002142,운암네오미아/신협연수원
8002169,안산산성
8002170,안산동
8002176,알로에농장
8002177,알로에농장
8002182,양새터골
8002184,어울림하트12단지
8002187,반석마을입구
8002189,반석마을입구
8002202,신세계백화점
8002203,국립중앙과학관입구
8002204,대전컨벤션센터
8002206,신세계백화점
8002207,문지초등학교입구
8002208,엑스포아파트
8002210,열매마을5.6단지
8002211,열매마을5.6단지
8002212,방동3통
8002260,외삼1통
8002264,외삼삼거리
8002269,용계동
8002271,용계동접수마을
8002275,용머리
8002348,우주통신연구소
8002351,원내네거리
8002352,원내네거리
8002355,원내동공영차고지
8002363,원신흥동
8002364,원신흥동
8002373,원촌삼거리
8002374,원촌삼거리
8002375,월드컵경기장역
8002376,월드컵경기장역
8002392,유성고등학교
8002393,유성고등학교
8002394,유성고속터미널
8002395,유성고속터미널
8002397,유성구노인복지관
8002398,유성구청
8002399,유성구청
8002401,유성자이아파트
8002402,봉명네거리
8002403,봉명네거리
8002404,유성시장
8002405,유성시장
8002406,유성경찰서
8002407,유성경찰서
8002408,유성온천역3번출구
8002409,유성온천역4번출구
8002410,유성온천역5번출구
8002411,유성온천역6번출구
8002412,유성온천역7번출구
8002415,유성장애인복지관
8002418,유성생명과학고
8002419,유성생명과학고
8002420,유성컨트리클럽
8002421,유성컨트리클럽
8002435,국군대전병원
8002436,국방지형정보단
8002489,합동군사대학교
8002490,자운대네거리
8002491,자운대네거리
8002492,유성초네거리
8002493,유성초네거리
8002494,장대중학교
8002495,장대초등학교
8002529,국립문화유산연구원
8002530,전력연구원
8002531,엑스포아파트
8002532,전민중학교
8002533,태광산업중앙연구소
8002535,전민동주민센터
8002536,전민동주민센터
8002537,전민중학교
8002539,전자디자인고
8002540,전자디자인고
8002574,제이파크아파트
8002575,제이파크아파트
8002589,주유소
8002596,죽동네거리
8002597,죽동네거리
8002623,중세동
8002624,중세동
8002626,중소벤처기업청
8002639,중일고등학교
8002640,중일고등학교
8002659,지족동
8002660,지족역
8002662,지족역
8002663,지족초등학교
8002664,지족초등학교
8002669,밀머리네거리
8002670,밀머리네거리
8002673,진잠향교
8002674,진잠향교
8002675,원내동
8002676,원내동
8002677,진잠중학교
8002678,진잠중학교
8002679,진잠초등학교
8002681,진잠타운아파트
8002693,천양원
8002694,천양원
8002720,충남대학교
8002721,충남대학교
8002722,충남대학교
8002725,충남대학교입구
8002735,충대농대입구
8002736,충대농대종점
8002737,충대농대종점
8002738,충대수의대
8002739,북대전세무서/보훈요양원
8002740,북대전세무서/보훈요양원
8002741,충대서문
8002742,충대서문
8002745,충렬사삼거리
8002746,충열사
8002765,탑립동
8002766,탑립1통
8002767,탑립1통
8002768,탑립1통산의절
8002769,탑립1통산의절
8002775,탑립육교
8002804,테크노밸리12단지
8002805,테크노밸리12단지
8002811,국군대전병원
8002849,하기중학교
8002863,학하동
8002864,학하동
8002867,학하초등학교
8002868,학하초등학교
8002872,카이스트
8002873,카이스트
8002874,한국기계연구원
8002875,한국기계연구원
8002879,한국생명공학연구원
8002882,한국전자통신연구원
8002883,과학기술연합대학원(UST)
8002884,KAIST문지캠퍼스
8002885,LG화학기술연구원
8002886,한국항공우주연구원
8002890,중소벤처기업청
8002895,한국표준과학연구원
8002896,한국표준과학연구원
8002897,한국항공우주연구원
8002900,한국화학연구원
8002901,한국에너지기술연구원
8002909,한마을아파트
8002910,한마을아파트
8002911,한마을아파트후문
8002920,한밭대학교
8002921,한밭대학교
8002922,덕명네거리
8002923,덕명네거리
8002936,한배미뜰
8002939,한빛아파트
8002940,한빛아파트
8002941,한빛아파트
8002943,한솔아파트
8002948,한승미메이드아파트
8002949,한승미메이드아파트
8002955,하나아파트
8002956,한울아파트후문
8002960,한진오피스텔
8002961,온천교
8002962,한화솔루션중앙연구소
8002963,한화솔루션중앙연구소
8002973,현충원역1번출구
8002974,현충원역3번출구
8002984,홈플러스유성점
8002997,온천교
8003001,화물터미널
8003002,수통골삼거리
8003003,수통골삼거리
8003004,화암네거리
8003005,화암네거리
8003007,한국지질자원연구원
8003032,만년교
8003041,국가정보자원관리원
8003045,LG생활건강기술연구원
8003047,MBC/TJB방송국
8003048,MBC/TJB방송국
8003056,구즉초등학교
8003057,휴먼시아1단지
8003068,수통골입구
8003069,수통골입구
8003070,리빙포레아파트
8003071,미학아파트
8003072,학하동종점
8003073,학의뜰아파트
8003087,대덕특구체육공원
8003088,대덕특구체육공원
8003089,한국방송통신대학교
8003090,한국방송통신대학교
8003099,트리풀시티9단지
8003100,트리풀시티9단지
8003102,목원대네거리
8003110,원촌동솔로몬로파크
8003123,대한항공기술연구원
8003124,대한항공기술연구원
8003133,신동
8003134,신동
8005505,대덕밸리용신교
8005506,대덕밸리용신교
8005507,수변공원
8005508,수변공원
8005511,테크노밸리11.12단지
8005512,푸르지오하임1.2단지
8005516,충남대학교
8005519,갑천역
8005530,국립과학수사연구원
8005531,국립과학수사연구원
8005535,바이오니아
8005539,대동2통
8005542,대덕밸리용신교
8005543,대덕밸리용신교
8005551,미건테크노월드
8005552,미건테크노월드
8005553,반석고등학교
8005554,반석고등학교
8005563,스마트시티5단지
8005570,외삼중학교
8005571,외삼중학교
8005575,유성여고
8005576,유성여고
8005584,진잠초등학교
8005587,충남대도서관
8005588,충남대도서관
8005589,충남대산학연
8005590,충남대산학연
8005599,한남대대덕캠퍼스
8005600,한남대대덕캠퍼스
8005601,한신에스메카
8005602,한신에스메카
8005608,웅진에너지
8005609,웅진에너지
8005619,송림마을5.6단지
8005652,샘물타운
8005653,자운상가
8005655,아리랑보쌈앞
8005656,구암동
8005660,원불교유성교당
8005662,애경연구원
8005663,탄동농협
8005664,럭키하나아파트
8005667,탑립1통
8005670,군인아파트
8005671,자운상가
8005681,유성온천역
8005705,샘물타운
8005736,복지관
8005738,테크노밸리6단지
8005756,아리랑보쌈앞
8005757,애경연구원
8005758,신성동주민센터
8005782,럭키하나아파트
8005783,신성동주민센터
8005784,탄동농협
8005812,테크노밸리1단지
8005825,목련아파트
8005828,원불교유성교당
8005829,구암동
8005846,테크노밸리1단지
8005857,반석초등학교
8005858,진잠타운아파트
8005859,진잠타운아파트
8005860,송림마을5.6단지
8005866,한배미뜰
8005879,테크노밸리6.10단지
8005880,테크노밸리6.10단지
8005896,뉴로스
8005897,뉴로스
8005898,조폐공사ID본부
8005899,조폐공사ID본부
8005900,하기동
8005901,대전컨벤션센터
8005902,반석마을3단지
8005905,노은동화훼단지
8005906,반석마을5단지
8005907,반석마을5단지
8005921,유림공원
8005925,DCC종점
8005928,온천2동주민센터
8005941,구즉동주민센터입구
8005942,구즉동주민센터입구
8005943,한국천문연구원
8005944,한국천문연구원
8005950,연구개발특구진흥재단
8005953,화인테크
8005954,화인테크
8005955,대청ENG
8005957,한들교
8005961,계룡과선교
8005964,스마트시티2단지
8005966,군인아파트
8005969,군인아파트노인정
8005970,군인아파트종점
8005971,테크노밸리7단지
8005972,테크노밸리7단지
8005975,중앙백신연구소
8005976,중앙백신연구소
8005979,하기동
8005990,도안센트럴시티
8005991,도안고등학교
8005992,도안고등학교
8005996,신안인스빌
8005997,신안인스빌
8006002,노은도서관
8006003,노은도서관
8007019,노은휴먼시아4단지
8007020,노은3지구종점
8007023,미학아파트
8007024,자광사
8007025,자광사
8007026,한라비발디아파트
8007028,유성중학교
8007030,태광산업중앙연구소
8007047,테크노밸리6단지
8007064,별밭공원
8007065,별밭공원
8007066,반석네거리
8007098,쉼터공동체
8007099,쉼터공동체
8007100,유성생명과학고
8007101,싸이언스빌3가
8007102,싸이언스빌3가
8007103,유성구청소년수련관
8007155,법원등기국
8007156,법원등기국
8007161,꿈에그린아파트
8007162,꿈에그린아파트
8007163,해랑숲마을5단지
8007164,해랑숲마을5단지
8007165,해랑숲마을6단지
8007166,계룡리슈빌아파트
8007167,새미래중학교
8007168,새미래중학교
8007169,오토월드
8007177,옥녀봉체육공원
8007181,에이팩
8007182,에이팩
8007184,예미지7단지
8007189,현대아울렛남문
8007208,에코힐7단지
8007209,트리풀시티포레1단지
8007222,한텍
8007223,한텍
8007224,대전테크노파크
8007225,대전테크노파크
8007226,조은정밀
8007227,조은정밀
8007228,청벽산공원
8007229,학하중앙로
8007230,미학아파트
8007231,씨엔씨티에너지학하CES
8007232,복용3통
8007233,복용1통
8007235,구즉동주민센터
8007236,구즉동주민센터
8007237,구즉초등학교
8007238,복용1통
8007239,복용3통
8007240,씨엔씨티에너지학하CES
8007241,학하중앙로
8007244,예미지7단지
8007247,안골입구
8007248,안골입구
8007263,원내동공영차고지
8007320,죽동예미지아파트
8007321,죽동천년나무아파트
8007322,충대서문
8007323,죽동천년나무아파트
8007324,죽동칸타빌아파트
8007338,꽃묘생산단지
8007339,영무예다음아파트
8007340,영무예다음아파트
8007356,노은휴먼시아4단지
8007357,충남대학교
8007362,월드컵경기장역
8007368,옥녀봉네거리
8007394,해링턴아파트
8007395,월드컵경기장역
8007407,육군정보통신학교
8007408,육군정보통신학교
8007409,국군대전병원
8007410,별밭공원
8007419,자운근린공원
8007420,자운근린공원
8007480,유성생명과학고등학교
8007481,유성생명과학고등학교
8007482,유성고등학교
8007483,대전예술고등학교
8007484,진터네거리
8007485,상대초등학교
8007486,휴먼시아4단지
8007487,국립대전숲체원
8007490,현대아울렛북문
8007520,한국과학기술원북문
8007522,한국과학기술원교수회관
8007523,한국과학기술원교수회관
8007524,한국과학기술원대강당
8007525,한국과학기술원대강당
8007526,한국과학기술원본관
8007527,한국과학기술원본관
8007528,한국과학기술원오리연못
8007529,한국과학기술원오리연못
8007540,구암역
8007541,구암역
8007542,송림마을5단지
8007549,신세계백화점
8007553,아이파크시티
8007554,아이파크시티
8007555,상대네거리
8007556,상대네거리
8007564,유성온천역1번출구
8007565,구암동기점지
8007566,유성구보건소
8007567,유성구보건소
8007570,우미린아파트
8007571,둔곡2교
8007572,둔곡2교
8007573,천동천3교
8007575,국제과학21로
8007576,국제과학22로
8007577,씨에이치씨랩
8007578,씨에이치씨랩
8007579,국제과학9로
8007580,국제과학9로
8007581,바이오오케스트라
8007582,바이오오케스트라
8007583,국제과학5로
8007584,국제과학3로
8007585,서한이다음1단지
8007587,서한이다음2단지
8007588,서한이다음2단지
8007589,호반써밋그랜드파크
8007590,호반써밋그랜드파크
8007591,수천이들근린공원
8007593,용산고등학교
8007594,용산고등학교
8007605,휴먼시아10단지
8007606,천년나무11단지
8007607,트리풀시티엘리프
8007612,트리풀시티힐스테이트
8007613,천년나무11단지
8007614,휴먼시아10단지
8007616,호반써밋그랜드파크4단지
8007617,호반써밋그랜드파크2단지
8007624,천동천1교
8007625,둔곡교차로
8007626,둔곡교차로
8007627,둔곡교차로
8007645,대정동원당마을
8007646,도안2-3지구
8007647,도안2-5지구
8007648,갑천근린공원
8007649,봉명동문화원로
8007650,봉명동문화원로
8007651,갑천근린공원
8007654,도안2-5지구
8007655,도안2-3지구
8007656,대정동원당마을
8007674,유성선병원
8007675,유성선병원
8007676,반석역
8007677,반석역
8007679,대전월드컵경기장
8007680,대전월드컵경기장
8007681,반석네거리
8007682,반석네거리
8007683,더샵도안트위넌스
8007684,힐스테이트도안퍼스트
8070001,한국가스기술공사
8070002,한국가스기술공사
8070003,송강중학교
8070004,송강중학교
8070008,대전도시과학고등학교
8070009,한아름아파트
8070013,예미지7단지
8070014,봉명베르디움
8070015,봉명베르디움
8070023,봉명중학교
8070024,예미지7단지
8070025,봉명초등학교
8070026,도안센트럴시티
8070028,대전시립제1노인병원
8070029,흥도초등학교
8070030,흥도초등학교
8070031,청벽산공원네거리
8070032,청벽산공원네거리
8070035,안산산성
8070036,안산1통
8070043,수정초등학교
8070044,수정초등학교
8070045,유성숲오투그란데
8070046,덕명중학교
8070047,안산1통
8072544,국제과학비즈니스벨트
8072545,국제과학비즈니스벨트
8072548,도안더리브지식산업센터
8072549,학하1통마을회관
8072550,학하리슈빌포레아파트
8072551,학하리슈빌포레아파트
8072552,호산어린이공원
8072553,호산어린이공원
8072555,죽동천년나무아파트
8072556,죽동종점
8072557,대전보훈요양원
8072558,죽동푸르지오아파트
8072559,포레나유성아파트
8072560,포레나유성아파트
8072563,머크샤
8081299,KT&G연구소
8102775,탑립육교
8102776,탑립육교
9001029,대덕대학
9001783,봉산동기점
9002062,송정소징이
9002070,수운교입구
9002077,수통골기점지
9002170,안산동
9002736,충대농대종점
9002737,충대농대종점
9002745,충렬사삼거리
9007019,노은휴먼시아4단지
9007565,구암동기점지
9102765,탑립동
